_id,value
0_10,1
0_undefined,11
1400_undefined,0
1411_undefined,0
1425_undefined,0
1456_undefined,0
1459_undefined,0
1469_undefined,0
1472_undefined,0
1477_undefined,0
1478_12,0
1480_undefined,0
1483_undefined,0
1486_undefined,0
1487_undefined,0
1490_undefined,0
1491_undefined,0
1492_undefined,0
1496_undefined,0
1497_undefined,0
1499_1,0
1499_undefined,0
1500_undefined,1
1506_1,0
1508_1,0
1512_6,0
1513_1,0
1515_1,0
1518_undefined,0
1521_undefined,0
1523_1,0
1524_undefined,0
1525_1,0
1526_1,0
1527_undefined,0
1528_undefined,0
1529_undefined,0
1530_1,0
1530_undefined,0
1531_undefined,0
1532_1,0
1532_undefined,0
1534_undefined,0
1535_undefined,0
1536_undefined,0
1540_undefined,0
1542_undefined,0
1543_undefined,0
1544_undefined,0
1545_1,0
1546_undefined,0
1547_undefined,0
1548_1,0
1549_undefined,0
1550_undefined,0
1551_undefined,0
1552_undefined,0
1553_undefined,0
1554_undefined,0
1555_undefined,0
1556_undefined,0
1557_1,0
1557_undefined,0
1558_undefined,0
1559_1,0
1559_undefined,0
1560_undefined,0
1561_undefined,0
1562_undefined,0
1563_1,0
1563_undefined,0
1564_undefined,0
1565_undefined,0
1566_1,0
1566_undefined,0
1567_undefined,0
1568_1,0
1568_undefined,0
1569_1,0
1569_undefined,0
1570_1,0
1571_undefined,0
1573_1,0
1573_undefined,0
1574_undefined,0
1575_undefined,0
1576_undefined,0
1577_1,0
1577_undefined,0
1578_1,0
1578_undefined,0
1579_4,0
1579_undefined,0
1580_1,0
1581_1,0
1581_undefined,0
1582_1,0
1582_undefined,0
1583_1,0
1583_undefined,1
1584_1,0
1585_undefined,0
1586_1,0
1586_undefined,0
1587_1,0
1587_undefined,0
1588_1,0
1589_1,0
1590_1,0
1590_undefined,0
1591_1,0
1591_undefined,0
1592_1,0
1592_undefined,0
1593_1,0
1593_3,0
1593_undefined,0
1594_1,0
1595_1,0
1596_1,0
1596_undefined,0
1597_1,0
1597_undefined,0
1598_1,0
1598_undefined,0
1599_1,0
1599_undefined,0
1600_1,0
1600_undefined,0
1601_1,0
1601_undefined,0
1602_1,0
1602_undefined,0
1603_1,0
1603_undefined,0
1604_1,0
1604_undefined,0
1605_1,0
1605_undefined,0
1606_1,0
1606_undefined,0
1607_1,0
1607_undefined,0
1608_1,0
1608_undefined,0
1609_1,0
1609_undefined,0
1610_1,0
1610_undefined,0
1611_1,0
1611_undefined,0
1612_1,0
1612_undefined,0
1613_1,0
1613_undefined,0
1614_1,0
1614_undefined,0
1615_1,0
1615_undefined,0
1616_1,0
1616_undefined,0
1617_1,0
1617_undefined,0
1618_1,0
1618_undefined,0
1619_1,0
1619_undefined,0
1620_1,0
1620_undefined,0
1621_1,0
1622_1,0
1622_undefined,0
1623_1,0
1623_undefined,0
1624_1,0
1624_undefined,0
1625_1,0
1625_3,0
1625_undefined,0
1626_1,0
1626_undefined,0
1627_1,0
1627_3,0
1627_undefined,0
1628_1,0
1628_undefined,0
1629_1,0
1629_undefined,0
1630_1,0
1630_undefined,0
1631_1,0
1631_11,0
1631_undefined,0
1632_1,0
1632_undefined,0
1633_1,1
1633_undefined,0
1634_1,0
1634_undefined,0
1635_1,0
1635_undefined,0
1636_1,0
1636_undefined,0
1637_1,0
1637_undefined,0
1638_1,0
1638_undefined,0
1639_1,0
1639_undefined,0
1640_1,0
1640_undefined,0
1641_1,0
1641_undefined,0
1642_1,0
1642_undefined,0
1643_1,0
1644_1,0
1644_undefined,0
1645_1,0
1645_undefined,0
1646_1,0
1646_undefined,0
1647_1,0
1647_undefined,0
1648_1,0
1648_undefined,0
1649_1,0
1649_10,0
1649_5,0
1649_undefined,0
1650_1,0
1650_undefined,0
1651_1,0
1651_undefined,0
1652_1,0
1652_undefined,0
1653_1,0
1653_undefined,0
1654_1,0
1654_undefined,0
1655_1,0
1655_undefined,0
1656_1,0
1656_undefined,0
1657_1,0
1657_undefined,0
1658_1,0
1658_5,0
1658_undefined,0
1659_1,0
1659_undefined,0
1660_1,0
1660_2,0
1660_undefined,0
1661_1,0
1661_undefined,0
1662_1,0
1662_undefined,0
1663_1,0
1663_undefined,0
1664_1,0
1664_6,0
1664_undefined,0
1665_1,0
1665_undefined,0
1666_1,0
1666_undefined,0
1667_1,0
1667_10,0
1667_undefined,0
1668_1,0
1668_undefined,0
1669_1,0
1669_undefined,0
1670_1,0
1670_undefined,0
1671_1,0
1671_undefined,0
1672_1,0
1672_undefined,0
1673_1,0
1673_6,0
1673_undefined,0
1674_1,0
1674_7,0
1674_undefined,0
1675_1,0
1675_undefined,0
1676_1,0
1676_2,0
1676_undefined,0
1677_1,0
1677_2,0
1677_undefined,0
1678_1,0
1678_3,0
1678_undefined,0
1679_1,0
1679_undefined,0
1680_1,0
1680_undefined,0
1681_1,0
1681_11,0
1681_3,0
1681_undefined,0
1682_1,0
1682_10,0
1682_11,0
1682_2,0
1682_3,0
1682_4,0
1682_5,0
1682_undefined,0
1683_1,0
1683_4,0
1683_undefined,0
1684_1,0
1684_2,0
1684_undefined,0
1685_1,0
1685_11,0
1685_3,0
1685_undefined,0
1686_1,0
1686_undefined,0
1687_1,0
1687_5,0
1687_undefined,0
1688_1,0
1688_6,0
1688_7,0
1688_undefined,0
1689_1,0
1689_undefined,0
1690_1,0
1690_6,0
1690_undefined,0
1691_1,0
1691_2,0
1691_4,0
1691_undefined,0
1692_1,0
1692_10,0
1692_4,0
1692_undefined,0
1693_1,0
1693_6,0
1693_undefined,0
1694_1,0
1694_undefined,0
1695_1,0
1695_6,0
1695_undefined,0
1696_1,0
1696_7,0
1696_undefined,0
1697_1,0
1697_7,0
1697_undefined,0
1698_1,0
1698_6,0
1698_undefined,0
1699_1,0
1699_undefined,0
1700_1,0
1700_undefined,0
1701_1,0
1701_12,0
1701_undefined,0
1702_1,0
1702_undefined,0
1703_undefined,0
1704_1,0
1704_undefined,0
1705_1,0
1705_4,0
1705_5,0
1705_undefined,0
1706_1,0
1706_undefined,0
1707_1,0
1707_undefined,0
1708_1,0
1708_5,0
1708_undefined,0
1709_1,0
1709_10,0
1709_11,0
1709_12,0
1709_4,0
1709_5,0
1709_6,0
1709_7,0
1709_8,0
1709_9,0
1709_undefined,0
1710_1,0
1710_10,0
1710_11,0
1710_12,0
1710_2,0
1710_3,0
1710_4,0
1710_5,0
1710_6,0
1710_7,0
1710_8,0
1710_9,0
1710_undefined,0
1711_1,0
1711_10,0
1711_11,0
1711_12,0
1711_2,0
1711_3,0
1711_4,0
1711_5,0
1711_6,0
1711_7,0
1711_8,0
1711_9,0
1711_undefined,0
1712_1,0
1712_10,0
1712_11,0
1712_12,0
1712_2,0
1712_3,0
1712_4,0
1712_5,0
1712_6,0
1712_7,0
1712_8,0
1712_9,0
1712_undefined,0
1713_1,0
1713_12,0
1713_5,0
1713_7,0
1713_9,0
1713_undefined,1
1714_1,0
1714_10,0
1714_11,0
1714_12,0
1714_4,0
1714_6,0
1714_7,0
1714_8,0
1714_9,0
1714_undefined,0
1715_12,0
1715_5,0
1715_undefined,0
1716_1,0
1716_2,0
1716_3,0
1716_4,0
1716_5,0
1716_6,0
1716_undefined,0
1717_1,0
1717_undefined,0
1718_undefined,0
1719_1,0
1719_undefined,1
1720_1,0
1720_5,0
1720_7,0
1720_undefined,0
1721_undefined,0
1722_1,0
1722_12,0
1722_7,0
1722_9,0
1722_undefined,0
1723_8,0
1723_undefined,0
1724_1,0
1724_11,0
1724_12,0
1724_4,0
1724_undefined,0
1725_1,0
1725_5,0
1725_undefined,0
1726_1,0
1726_4,0
1726_undefined,0
1727_1,0
1727_10,0
1727_11,0
1727_2,0
1727_3,0
1727_4,0
1727_7,0
1727_8,0
1727_9,0
1727_undefined,0
1728_1,0
1728_11,0
1728_12,0
1728_2,0
1728_3,0
1728_4,0
1728_5,0
1728_7,0
1728_8,0
1728_9,0
1728_undefined,0
1729_1,0
1729_12,0
1729_3,0
1729_4,0
1729_5,0
1729_8,0
1729_9,0
1729_undefined,0
1730_1,0
1730_10,0
1730_11,0
1730_2,0
1730_3,0
1730_4,0
1730_undefined,1
1731_1,0
1731_3,0
1731_4,0
1731_5,0
1731_6,0
1731_7,0
1731_undefined,0
1732_1,0
1732_2,0
1732_5,0
1732_6,0
1732_7,0
1732_8,0
1732_undefined,0
1733_1,0
1733_2,0
1733_3,0
1733_4,0
1733_9,0
1733_undefined,0
1734_1,0
1734_2,0
1734_4,0
1734_9,0
1734_undefined,0
1735_1,0
1735_2,0
1735_6,0
1735_7,0
1735_undefined,0
1736_1,0
1736_3,0
1736_4,0
1736_5,0
1736_6,0
1736_undefined,0
1737_1,0
1737_12,0
1737_4,0
1737_5,0
1737_undefined,1
1738_1,0
1738_2,0
1738_3,0
1738_4,0
1738_5,0
1738_7,0
1738_8,0
1738_9,0
1738_undefined,0
1739_1,0
1739_4,0
1739_undefined,0
1740_1,0
1740_3,0
1740_6,0
1740_undefined,0
1741_1,0
1741_10,0
1741_11,0
1741_12,0
1741_4,0
1741_8,0
1741_undefined,0
1742_1,0
1742_2,0
1742_5,0
1742_7,0
1742_undefined,0
1743_1,0
1743_5,0
1743_7,0
1743_undefined,0
1744_1,0
1744_7,0
1744_undefined,0
1745_1,0
1745_2,0
1745_undefined,0
1746_1,0
1746_10,0
1746_11,0
1746_8,0
1746_9,0
1746_undefined,0
1747_1,0
1747_11,0
1747_12,0
1747_2,0
1747_3,0
1747_4,0
1747_6,0
1747_8,0
1747_9,0
1747_undefined,0
1748_1,0
1748_10,0
1748_11,0
1748_12,0
1748_2,0
1748_3,0
1748_4,0
1748_5,0
1748_6,0
1748_7,0
1748_8,0
1748_9,0
1748_undefined,0
1749_1,0
1749_11,0
1749_2,0
1749_6,0
1749_7,0
1749_undefined,0
1750_1,0
1750_10,0
1750_11,0
1750_12,0
1750_2,0
1750_4,0
1750_5,0
1750_6,0
1750_7,0
1750_8,0
1750_9,0
1750_undefined,1
1751_1,0
1751_10,0
1751_11,0
1751_12,0
1751_2,0
1751_3,0
1751_4,0
1751_5,0
1751_6,0
1751_7,0
1751_8,0
1751_9,0
1751_undefined,0
1752_1,0
1752_10,0
1752_11,0
1752_12,0
1752_2,0
1752_3,0
1752_4,0
1752_5,0
1752_6,0
1752_7,0
1752_8,0
1752_9,0
1752_undefined,0
1753_1,0
1753_10,0
1753_11,0
1753_12,0
1753_2,0
1753_3,0
1753_4,0
1753_5,0
1753_6,0
1753_7,0
1753_8,0
1753_9,0
1753_undefined,0
1754_1,0
1754_11,0
1754_12,0
1754_2,0
1754_3,0
1754_4,0
1754_5,0
1754_6,0
1754_7,0
1754_8,0
1754_undefined,0
1755_1,0
1755_12,0
1755_2,0
1755_4,0
1755_6,0
1755_undefined,0
1756_1,0
1756_10,0
1756_2,0
1756_3,0
1756_4,0
1756_6,0
1756_8,0
1756_9,0
1756_undefined,0
1757_1,0
1757_2,0
1757_undefined,0
1758_1,0
1758_12,0
1758_undefined,0
1759_1,0
1759_10,0
1759_2,0
1759_undefined,0
1760_1,0
1760_undefined,0
1761_1,0
1761_8,0
1761_undefined,0
1762_1,0
1762_undefined,0
1763_1,0
1763_7,0
1763_8,0
1763_undefined,0
1764_1,0
1764_4,0
1764_undefined,0
1765_1,0
1765_8,0
1765_undefined,0
1766_1,0
1766_5,0
1766_undefined,0
1767_1,0
1767_undefined,0
1768_1,0
1768_2,0
1768_undefined,0
1769_1,0
1769_10,0
1769_11,0
1769_12,0
1769_2,0
1769_3,0
1769_4,0
1769_5,0
1769_6,0
1769_7,0
1769_8,0
1769_9,0
1769_undefined,0
1770_1,0
1770_11,0
1770_12,0
1770_2,0
1770_3,0
1770_4,0
1770_5,0
1770_8,0
1770_9,0
1770_undefined,0
1771_1,0
1771_10,0
1771_11,0
1771_2,0
1771_4,0
1771_5,0
1771_6,0
1771_7,0
1771_8,0
1771_9,0
1771_undefined,0
1772_1,0
1772_undefined,0
1773_1,0
1773_4,0
1773_undefined,0
1774_1,0
1774_9,0
1774_undefined,0
1775_1,0
1775_undefined,0
1776_1,0
1776_undefined,0
1777_1,0
1777_2,0
1777_5,0
1777_undefined,0
1778_1,0
1778_12,0
1778_undefined,0
1779_1,0
1779_12,0
1779_3,0
1779_5,0
1779_undefined,0
1780_1,0
1780_undefined,0
1781_1,0
1781_undefined,0
1782_1,0
1782_12,0
1782_undefined,0
1783_1,0
1783_8,0
1783_undefined,0
1784_1,0
1784_12,0
1784_4,0
1784_undefined,0
1785_1,0
1785_6,0
1785_8,0
1785_undefined,0
1786_1,0
1786_10,0
1786_7,0
1786_undefined,1
1787_1,0
1787_3,0
1787_4,0
1787_undefined,0
1788_1,0
1788_11,0
1788_8,0
1788_undefined,0
1789_1,0
1789_4,0
1789_5,0
1789_8,0
1789_undefined,0
1790_1,0
1790_undefined,0
1791_1,0
1791_10,0
1791_12,0
1791_2,0
1791_8,0
1791_undefined,0
1792_1,0
1792_10,0
1792_11,0
1792_2,0
1792_3,0
1792_4,0
1792_5,0
1792_6,0
1792_7,0
1792_8,0
1792_9,0
1792_undefined,0
1793_1,0
1793_3,0
1793_4,0
1793_7,0
1793_undefined,0
1794_1,0
1794_4,0
1794_5,0
1794_undefined,0
1795_1,0
1795_6,0
1795_undefined,0
1796_1,0
1796_12,0
1796_3,0
1796_4,0
1796_undefined,0
1797_1,0
1797_12,0
1797_4,0
1797_5,0
1797_undefined,0
1798_1,0
1798_10,0
1798_11,0
1798_12,0
1798_3,0
1798_5,0
1798_6,0
1798_7,0
1798_8,0
1798_9,0
1798_undefined,0
1799_1,0
1799_10,0
1799_11,0
1799_12,0
1799_2,0
1799_3,0
1799_4,0
1799_5,0
1799_6,0
1799_7,0
1799_8,0
1799_9,0
1799_undefined,0
1800_1,0
1800_10,0
1800_11,0
1800_12,0
1800_2,0
1800_3,0
1800_4,0
1800_5,0
1800_6,0
1800_7,0
1800_8,0
1800_9,0
1800_undefined,0
1801_1,0
1801_11,0
1801_12,0
1801_2,0
1801_3,0
1801_4,0
1801_5,0
1801_6,0
1801_7,0
1801_8,0
1801_9,0
1801_undefined,0
1802_1,0
1802_10,0
1802_11,0
1802_12,0
1802_2,0
1802_3,0
1802_4,0
1802_5,0
1802_6,0
1802_7,0
1802_8,0
1802_9,0
1802_undefined,0
1803_1,0
1803_10,0
1803_11,0
1803_12,0
1803_2,0
1803_3,0
1803_4,0
1803_5,0
1803_7,0
1803_8,0
1803_9,0
1803_undefined,0
1804_1,0
1804_10,0
1804_11,0
1804_12,0
1804_2,0
1804_3,0
1804_4,0
1804_5,0
1804_6,0
1804_7,0
1804_8,0
1804_9,0
1804_undefined,0
1805_1,0
1805_10,0
1805_11,0
1805_12,0
1805_2,0
1805_3,0
1805_4,0
1805_5,0
1805_6,0
1805_7,0
1805_8,0
1805_9,0
1805_undefined,0
1806_1,0
1806_10,0
1806_11,0
1806_12,0
1806_2,0
1806_3,0
1806_4,0
1806_5,0
1806_6,0
1806_7,0
1806_8,0
1806_9,0
1806_undefined,0
1807_1,0
1807_10,0
1807_11,0
1807_12,0
1807_2,0
1807_3,0
1807_5,0
1807_6,0
1807_7,0
1807_8,0
1807_9,0
1807_undefined,0
1808_1,0
1808_10,0
1808_11,0
1808_12,0
1808_2,0
1808_3,0
1808_4,0
1808_5,0
1808_6,0
1808_7,0
1808_8,0
1808_9,0
1808_undefined,0
1809_1,0
1809_10,0
1809_11,0
1809_12,0
1809_2,0
1809_3,0
1809_4,0
1809_5,0
1809_6,0
1809_7,0
1809_8,0
1809_9,0
1809_undefined,0
1810_1,0
1810_10,0
1810_12,0
1810_2,0
1810_3,0
1810_4,0
1810_5,0
1810_6,0
1810_7,0
1810_8,0
1810_9,0
1810_undefined,0
1811_1,0
1811_10,0
1811_11,0
1811_12,0
1811_2,0
1811_3,0
1811_4,0
1811_5,0
1811_6,0
1811_7,0
1811_8,0
1811_9,0
1811_undefined,0
1812_1,0
1812_10,0
1812_11,0
1812_12,0
1812_3,0
1812_4,0
1812_5,0
1812_6,0
1812_7,0
1812_8,0
1812_9,0
1812_undefined,0
1813_1,0
1813_10,0
1813_11,0
1813_12,0
1813_2,0
1813_3,0
1813_4,0
1813_5,0
1813_6,0
1813_7,0
1813_8,0
1813_9,0
1813_undefined,0
1814_1,0
1814_10,0
1814_11,0
1814_12,0
1814_2,0
1814_3,0
1814_4,0
1814_5,0
1814_6,0
1814_7,0
1814_8,0
1814_9,0
1814_undefined,0
1815_1,0
1815_10,0
1815_11,0
1815_12,0
1815_2,0
1815_3,0
1815_4,0
1815_5,0
1815_6,0
1815_7,0
1815_8,0
1815_9,0
1815_undefined,0
1816_1,0
1816_10,0
1816_11,0
1816_12,0
1816_2,0
1816_3,0
1816_4,0
1816_5,0
1816_6,0
1816_7,0
1816_8,0
1816_9,0
1816_undefined,0
1817_1,0
1817_10,0
1817_11,0
1817_12,0
1817_2,0
1817_3,0
1817_4,0
1817_5,0
1817_6,0
1817_7,0
1817_8,0
1817_9,0
1817_undefined,0
1818_1,0
1818_10,0
1818_11,0
1818_12,0
1818_2,0
1818_3,0
1818_4,0
1818_5,0
1818_6,0
1818_7,0
1818_8,0
1818_9,0
1818_undefined,0
1819_1,0
1819_10,0
1819_11,0
1819_12,0
1819_2,0
1819_3,0
1819_4,0
1819_5,0
1819_6,0
1819_7,0
1819_8,0
1819_9,0
1819_undefined,0
1820_1,0
1820_10,0
1820_11,0
1820_12,0
1820_2,0
1820_3,0
1820_4,0
1820_5,0
1820_6,0
1820_7,0
1820_8,0
1820_9,0
1820_undefined,0
1821_1,0
1821_10,0
1821_11,0
1821_12,0
1821_2,0
1821_3,0
1821_4,0
1821_5,0
1821_6,0
1821_7,0
1821_8,0
1821_9,0
1821_undefined,0
1822_1,0
1822_10,0
1822_11,0
1822_12,0
1822_2,0
1822_3,0
1822_4,0
1822_5,0
1822_6,0
1822_7,0
1822_8,0
1822_9,0
1822_undefined,0
1823_1,0
1823_10,0
1823_11,0
1823_12,0
1823_2,0
1823_3,0
1823_4,0
1823_5,0
1823_6,0
1823_7,0
1823_8,0
1823_9,0
1823_undefined,0
1824_1,0
1824_10,0
1824_11,0
1824_12,0
1824_2,0
1824_3,0
1824_4,0
1824_5,0
1824_6,0
1824_7,0
1824_8,0
1824_9,0
1824_undefined,2
1825_1,0
1825_10,0
1825_11,0
1825_12,0
1825_2,0
1825_3,0
1825_4,0
1825_5,0
1825_6,0
1825_7,0
1825_8,0
1825_9,0
1825_undefined,0
1826_1,0
1826_10,0
1826_11,0
1826_12,0
1826_2,0
1826_3,0
1826_4,0
1826_5,0
1826_6,0
1826_7,0
1826_8,0
1826_9,0
1826_undefined,0
1827_1,0
1827_10,0
1827_11,0
1827_12,0
1827_2,0
1827_3,0
1827_4,0
1827_5,0
1827_6,0
1827_7,0
1827_8,0
1827_9,0
1827_undefined,0
1828_1,0
1828_10,0
1828_11,0
1828_12,0
1828_2,0
1828_3,0
1828_4,0
1828_5,0
1828_6,0
1828_7,0
1828_8,0
1828_9,0
1828_undefined,0
1829_1,0
1829_10,0
1829_11,0
1829_12,0
1829_2,0
1829_3,0
1829_4,0
1829_5,0
1829_6,0
1829_7,0
1829_8,0
1829_9,0
1829_undefined,0
1830_1,0
1830_10,0
1830_11,0
1830_12,0
1830_2,0
1830_3,0
1830_4,0
1830_5,0
1830_6,0
1830_7,0
1830_8,0
1830_9,0
1830_undefined,0
1831_1,0
1831_10,0
1831_11,0
1831_12,0
1831_2,0
1831_3,0
1831_4,0
1831_5,0
1831_6,0
1831_7,0
1831_8,0
1831_9,0
1831_undefined,0
1832_1,0
1832_10,0
1832_11,0
1832_12,0
1832_2,0
1832_3,0
1832_4,0
1832_5,0
1832_6,0
1832_7,0
1832_8,0
1832_9,0
1832_undefined,0
1833_1,0
1833_10,0
1833_11,0
1833_12,0
1833_2,0
1833_3,0
1833_4,0
1833_5,0
1833_6,0
1833_7,0
1833_8,0
1833_9,0
1833_undefined,0
1834_1,0
1834_10,0
1834_11,0
1834_12,0
1834_2,0
1834_3,0
1834_4,0
1834_5,0
1834_6,0
1834_7,0
1834_8,0
1834_9,0
1834_undefined,0
1835_1,0
1835_10,0
1835_11,0
1835_12,0
1835_2,0
1835_3,0
1835_4,0
1835_5,0
1835_6,0
1835_7,0
1835_8,0
1835_9,0
1835_undefined,0
1836_1,0
1836_10,0
1836_11,0
1836_12,0
1836_2,0
1836_3,0
1836_4,0
1836_5,0
1836_6,0
1836_7,0
1836_8,0
1836_9,0
1836_undefined,1
1837_1,0
1837_10,0
1837_11,0
1837_12,0
1837_2,0
1837_3,0
1837_4,0
1837_5,0
1837_6,0
1837_7,0
1837_8,0
1837_9,0
1837_undefined,0
1838_1,0
1838_10,0
1838_11,0
1838_12,0
1838_2,0
1838_3,0
1838_4,0
1838_5,0
1838_6,0
1838_7,0
1838_8,0
1838_9,0
1838_undefined,1
1839_1,0
1839_10,0
1839_11,0
1839_12,0
1839_2,0
1839_3,0
1839_4,0
1839_5,0
1839_6,0
1839_7,0
1839_8,0
1839_9,0
1839_undefined,0
1840_1,0
1840_10,0
1840_11,0
1840_12,0
1840_2,0
1840_3,0
1840_4,0
1840_5,0
1840_6,0
1840_7,0
1840_8,0
1840_9,0
1840_undefined,0
1841_1,0
1841_10,0
1841_11,0
1841_12,0
1841_2,0
1841_3,0
1841_4,0
1841_5,0
1841_6,0
1841_7,0
1841_8,0
1841_9,0
1841_undefined,0
1842_1,0
1842_10,0
1842_11,0
1842_12,0
1842_2,0
1842_3,0
1842_4,0
1842_5,0
1842_6,0
1842_7,0
1842_8,0
1842_9,0
1842_undefined,0
1843_1,0
1843_10,0
1843_11,0
1843_12,0
1843_2,0
1843_3,1
1843_4,0
1843_5,0
1843_6,0
1843_7,0
1843_8,0
1843_9,0
1843_undefined,0
1844_1,0
1844_10,0
1844_11,0
1844_12,0
1844_2,0
1844_3,0
1844_4,0
1844_5,0
1844_6,0
1844_7,0
1844_8,0
1844_9,0
1844_undefined,0
1845_1,0
1845_10,0
1845_11,0
1845_12,0
1845_2,0
1845_3,1
1845_4,0
1845_5,0
1845_6,0
1845_7,0
1845_8,0
1845_9,0
1845_undefined,0
1846_1,0
1846_10,0
1846_11,0
1846_12,0
1846_2,0
1846_3,0
1846_4,0
1846_5,0
1846_6,0
1846_7,0
1846_8,0
1846_9,0
1846_undefined,0
1847_1,0
1847_10,0
1847_11,0
1847_12,0
1847_2,0
1847_3,0
1847_4,0
1847_5,0
1847_6,0
1847_7,0
1847_8,0
1847_9,0
1847_undefined,1
1848_1,0
1848_10,0
1848_11,0
1848_12,0
1848_2,0
1848_3,0
1848_4,0
1848_5,0
1848_6,0
1848_7,0
1848_8,0
1848_9,0
1848_undefined,0
1849_1,0
1849_10,0
1849_11,0
1849_12,0
1849_2,0
1849_3,0
1849_4,0
1849_5,0
1849_6,0
1849_7,0
1849_8,0
1849_9,0
1849_undefined,0
1850_1,0
1850_10,0
1850_11,0
1850_12,1
1850_2,0
1850_3,0
1850_4,0
1850_5,0
1850_6,0
1850_7,0
1850_8,0
1850_9,0
1850_undefined,0
1851_1,0
1851_10,0
1851_11,1
1851_12,0
1851_2,0
1851_3,0
1851_4,0
1851_5,0
1851_6,0
1851_7,0
1851_8,0
1851_9,0
1851_undefined,0
1852_1,0
1852_10,0
1852_11,0
1852_12,0
1852_2,0
1852_3,0
1852_4,0
1852_5,0
1852_6,0
1852_7,0
1852_8,0
1852_9,0
1852_undefined,0
1853_1,0
1853_10,0
1853_11,0
1853_12,0
1853_2,0
1853_3,0
1853_4,0
1853_5,0
1853_6,0
1853_7,0
1853_8,0
1853_9,0
1853_undefined,0
1854_1,0
1854_10,0
1854_11,0
1854_12,0
1854_2,0
1854_3,0
1854_4,0
1854_5,0
1854_6,0
1854_7,0
1854_8,0
1854_9,0
1854_undefined,2
1855_1,0
1855_10,0
1855_11,0
1855_12,0
1855_2,0
1855_3,0
1855_4,0
1855_5,0
1855_6,0
1855_7,0
1855_8,0
1855_9,0
1855_undefined,2
1856_1,0
1856_10,0
1856_11,0
1856_12,0
1856_2,0
1856_3,0
1856_4,0
1856_5,0
1856_6,0
1856_7,0
1856_8,0
1856_9,0
1856_undefined,2
1857_1,0
1857_10,0
1857_11,0
1857_12,0
1857_2,0
1857_3,0
1857_4,0
1857_5,0
1857_6,0
1857_7,0
1857_8,0
1857_9,0
1857_undefined,0
1858_1,0
1858_10,0
1858_11,0
1858_12,0
1858_2,0
1858_3,0
1858_4,0
1858_5,0
1858_6,0
1858_7,0
1858_8,0
1858_9,0
1858_undefined,0
1859_1,0
1859_10,0
1859_11,0
1859_12,0
1859_2,0
1859_3,0
1859_4,0
1859_5,0
1859_6,0
1859_7,0
1859_8,0
1859_9,0
1859_undefined,52
1860_1,0
1860_10,0
1860_11,0
1860_12,0
1860_2,0
1860_3,0
1860_4,0
1860_5,0
1860_6,0
1860_7,0
1860_8,0
1860_9,0
1860_undefined,1
1861_1,0
1861_10,0
1861_11,0
1861_12,0
1861_2,0
1861_3,0
1861_4,0
1861_5,0
1861_6,0
1861_7,0
1861_8,0
1861_9,0
1861_undefined,47
1862_1,0
1862_10,0
1862_11,0
1862_12,0
1862_2,0
1862_3,0
1862_4,0
1862_5,0
1862_6,0
1862_7,0
1862_8,0
1862_9,0
1862_undefined,0
1863_1,0
1863_10,0
1863_11,0
1863_12,0
1863_2,0
1863_3,0
1863_4,0
1863_5,0
1863_6,0
1863_7,0
1863_8,0
1863_9,0
1863_undefined,3
1864_1,0
1864_10,0
1864_11,0
1864_12,0
1864_2,0
1864_3,0
1864_4,0
1864_5,0
1864_6,0
1864_7,0
1864_8,0
1864_9,0
1864_undefined,2
1865_1,0
1865_10,0
1865_11,0
1865_12,0
1865_2,0
1865_3,0
1865_4,0
1865_5,0
1865_6,0
1865_7,0
1865_8,0
1865_9,0
1865_undefined,1
1866_1,0
1866_10,0
1866_11,0
1866_12,0
1866_2,0
1866_3,0
1866_4,0
1866_5,0
1866_6,0
1866_7,0
1866_8,0
1866_9,0
1866_undefined,1
1867_1,0
1867_10,0
1867_11,0
1867_12,0
1867_2,0
1867_3,0
1867_4,0
1867_5,0
1867_6,0
1867_7,0
1867_8,0
1867_9,0
1867_undefined,0
1868_1,0
1868_10,0
1868_11,0
1868_12,0
1868_2,0
1868_3,0
1868_4,0
1868_5,0
1868_6,0
1868_7,0
1868_8,0
1868_9,0
1868_undefined,0
1869_1,0
1869_10,1
1869_11,0
1869_12,0
1869_2,0
1869_3,0
1869_4,1
1869_5,2
1869_6,0
1869_7,0
1869_8,0
1869_9,0
1869_undefined,0
1870_1,1
1870_10,0
1870_11,0
1870_12,0
1870_2,0
1870_3,2
1870_4,0
1870_5,0
1870_6,0
1870_7,0
1870_8,1
1870_9,1
1870_undefined,0
1871_1,0
1871_10,0
1871_11,0
1871_12,0
1871_2,0
1871_3,0
1871_4,1
1871_5,1
1871_6,2
1871_7,0
1871_8,0
1871_9,0
1871_undefined,0
1872_1,0
1872_10,0
1872_11,0
1872_12,0
1872_2,0
1872_3,0
1872_4,0
1872_5,0
1872_6,0
1872_7,0
1872_8,0
1872_9,1
1872_undefined,0
1873_1,0
1873_10,0
1873_11,0
1873_12,0
1873_2,0
1873_3,1
1873_4,0
1873_5,0
1873_6,0
1873_7,0
1873_8,0
1873_9,0
1873_undefined,6
1874_1,0
1874_10,1
1874_11,0
1874_12,0
1874_2,0
1874_3,0
1874_4,0
1874_5,0
1874_6,0
1874_7,0
1874_8,0
1874_9,0
1874_undefined,0
1875_1,0
1875_10,0
1875_11,0
1875_12,0
1875_2,1
1875_3,0
1875_4,0
1875_5,0
1875_6,0
1875_7,0
1875_8,0
1875_9,0
1875_undefined,0
1876_1,0
1876_10,0
1876_11,0
1876_12,0
1876_2,0
1876_3,0
1876_4,0
1876_5,2
1876_6,0
1876_7,0
1876_8,0
1876_9,1
1876_undefined,0
1877_1,0
1877_10,0
1877_11,0
1877_12,1
1877_2,0
1877_3,0
1877_4,0
1877_5,1
1877_6,0
1877_7,0
1877_8,0
1877_9,0
1877_undefined,0
1878_1,0
1878_10,0
1878_11,0
1878_12,0
1878_2,0
1878_3,0
1878_4,0
1878_5,0
1878_6,0
1878_7,0
1878_8,0
1878_9,0
1878_undefined,0
1879_1,0
1879_10,0
1879_11,0
1879_12,0
1879_2,0
1879_3,0
1879_4,0
1879_5,0
1879_6,0
1879_7,0
1879_8,0
1879_9,0
1879_undefined,1
1880_1,0
1880_10,0
1880_11,0
1880_12,0
1880_2,1
1880_3,0
1880_4,1
1880_5,0
1880_6,0
1880_7,0
1880_8,0
1880_9,1
1880_undefined,3
1881_1,0
1881_10,0
1881_11,0
1881_12,0
1881_2,0
1881_3,0
1881_4,0
1881_5,0
1881_6,0
1881_7,0
1881_8,0
1881_9,0
1881_undefined,1
1882_1,0
1882_10,0
1882_11,0
1882_12,0
1882_2,0
1882_3,0
1882_4,0
1882_5,1
1882_6,0
1882_7,0
1882_8,0
1882_9,0
1882_undefined,0
1883_1,0
1883_10,0
1883_11,0
1883_12,0
1883_2,0
1883_3,0
1883_4,0
1883_5,0
1883_6,0
1883_7,0
1883_8,0
1883_9,1
1883_undefined,1
1884_1,0
1884_10,0
1884_11,0
1884_12,0
1884_2,0
1884_3,0
1884_4,0
1884_5,0
1884_6,0
1884_7,0
1884_8,0
1884_9,0
1884_undefined,2
1885_1,0
1885_10,0
1885_11,0
1885_12,0
1885_2,0
1885_3,0
1885_4,0
1885_5,0
1885_6,0
1885_7,0
1885_8,0
1885_9,0
1885_undefined,0
1886_1,0
1886_10,0
1886_11,1
1886_12,0
1886_2,0
1886_3,0
1886_4,0
1886_5,0
1886_6,0
1886_7,0
1886_8,0
1886_9,0
1886_undefined,0
1887_1,1
1887_10,0
1887_11,0
1887_12,1
1887_2,0
1887_3,0
1887_4,0
1887_5,0
1887_6,0
1887_7,1
1887_8,0
1887_9,0
1887_undefined,0
1888_1,0
1888_10,0
1888_11,0
1888_12,0
1888_2,0
1888_3,0
1888_4,0
1888_5,0
1888_6,0
1888_7,0
1888_8,0
1888_9,0
1888_undefined,0
1889_1,1
1889_10,0
1889_11,0
1889_12,1
1889_2,0
1889_3,2
1889_4,0
1889_5,0
1889_6,0
1889_7,0
1889_8,0
1889_9,1
1889_undefined,1
1890_1,0
1890_10,0
1890_11,0
1890_12,0
1890_2,0
1890_3,0
1890_4,0
1890_5,0
1890_6,0
1890_7,0
1890_8,0
1890_9,0
1890_undefined,0
1891_1,0
1891_10,0
1891_11,0
1891_12,0
1891_2,0
1891_3,0
1891_4,0
1891_5,0
1891_6,0
1891_7,0
1891_8,0
1891_9,0
1891_undefined,0
1892_1,0
1892_10,0
1892_11,0
1892_12,1
1892_2,0
1892_3,0
1892_4,0
1892_5,0
1892_6,1
1892_7,0
1892_8,0
1892_9,0
1892_undefined,0
1893_1,0
1893_10,0
1893_11,0
1893_12,2
1893_2,0
1893_3,1
1893_4,0
1893_5,1
1893_6,0
1893_7,0
1893_8,0
1893_9,1
1893_undefined,0
1894_1,1
1894_10,0
1894_11,0
1894_12,0
1894_2,0
1894_3,1
1894_4,0
1894_5,0
1894_6,0
1894_7,0
1894_8,0
1894_9,0
1894_undefined,2
1895_1,0
1895_10,0
1895_11,0
1895_12,1
1895_2,0
1895_3,0
1895_4,0
1895_5,0
1895_6,0
1895_7,0
1895_8,0
1895_9,0
1895_undefined,3
1896_1,0
1896_10,1
1896_11,0
1896_12,1
1896_2,0
1896_3,0
1896_4,0
1896_5,0
1896_6,0
1896_7,0
1896_8,0
1896_9,1
1896_undefined,4
1897_1,0
1897_10,0
1897_11,0
1897_12,0
1897_2,0
1897_3,1
1897_4,0
1897_5,0
1897_6,0
1897_7,0
1897_8,0
1897_9,2
1897_undefined,3
1898_1,0
1898_10,0
1898_11,1
1898_12,0
1898_2,1
1898_3,0
1898_4,1
1898_5,0
1898_6,0
1898_7,0
1898_8,0
1898_9,2
1898_undefined,10
1899_1,0
1899_10,0
1899_11,0
1899_12,7
1899_2,0
1899_3,2
1899_4,2
1899_5,0
1899_6,1
1899_7,0
1899_8,0
1899_9,1
1899_undefined,5
1900_1,2
1900_10,1
1900_11,0
1900_12,0
1900_2,0
1900_3,0
1900_4,1
1900_5,1
1900_6,1
1900_7,0
1900_8,0
1900_9,3
1900_undefined,4
1901_1,2
1901_10,1
1901_11,1
1901_12,2
1901_2,1
1901_3,0
1901_4,1
1901_5,1
1901_6,2
1901_7,2
1901_8,0
1901_9,0
1901_undefined,0
1902_1,0
1902_10,0
1902_11,1
1902_12,2
1902_2,1
1902_3,4
1902_4,1
1902_5,2
1902_6,1
1902_7,4
1902_8,0
1902_9,0
1902_undefined,1
1903_1,2
1903_10,2
1903_11,2
1903_12,2
1903_2,2
1903_3,0
1903_4,1
1903_5,1
1903_6,1
1903_7,0
1903_8,0
1903_9,0
1903_undefined,5
1904_1,2
1904_10,1
1904_11,0
1904_12,1
1904_2,1
1904_3,2
1904_4,3
1904_5,3
1904_6,1
1904_7,0
1904_8,0
1904_9,2
1904_undefined,4
1905_1,6
1905_10,3
1905_11,3
1905_12,1
1905_2,1
1905_3,2
1905_4,1
1905_5,2
1905_6,0
1905_7,2
1905_8,1
1905_9,1
1905_undefined,5
1906_1,1
1906_10,3
1906_11,1
1906_12,0
1906_2,1
1906_3,3
1906_4,2
1906_5,1
1906_6,1
1906_7,0
1906_8,0
1906_9,0
1906_undefined,5
1907_1,0
1907_10,1
1907_11,0
1907_12,1
1907_2,0
1907_3,1
1907_4,0
1907_5,0
1907_6,3
1907_7,0
1907_8,0
1907_9,1
1907_undefined,2
1908_1,0
1908_10,1
1908_11,1
1908_12,2
1908_2,0
1908_3,1
1908_4,4
1908_5,1
1908_6,0
1908_7,0
1908_8,0
1908_9,2
1908_undefined,5
1909_1,3
1909_10,1
1909_11,0
1909_12,0
1909_2,0
1909_3,1
1909_4,1
1909_5,1
1909_6,2
1909_7,1
1909_8,1
1909_9,2
1909_undefined,6
1910_1,0
1910_10,0
1910_11,0
1910_12,1
1910_2,0
1910_3,2
1910_4,0
1910_5,0
1910_6,1
1910_7,0
1910_8,0
1910_9,0
1910_undefined,3
1911_1,1
1911_10,1
1911_11,1
1911_12,0
1911_2,0
1911_3,1
1911_4,0
1911_5,0
1911_6,1
1911_7,1
1911_8,1
1911_9,1
1911_undefined,7
1912_1,0
1912_10,0
1912_11,0
1912_12,0
1912_2,0
1912_3,3
1912_4,0
1912_5,0
1912_6,4
1912_7,4
1912_8,0
1912_9,1
1912_undefined,5
1913_1,2
1913_10,5
1913_11,0
1913_12,0
1913_2,2
1913_3,0
1913_4,2
1913_5,0
1913_6,2
1913_7,1
1913_8,1
1913_9,3
1913_undefined,11
1914_1,1
1914_10,1
1914_11,0
1914_12,1
1914_2,0
1914_3,1
1914_4,5
1914_5,0
1914_6,2
1914_7,1
1914_8,0
1914_9,3
1914_undefined,6
1915_1,1
1915_10,1
1915_11,3
1915_12,3
1915_2,2
1915_3,1
1915_4,5
1915_5,1
1915_6,3
1915_7,1
1915_8,0
1915_9,3
1915_undefined,2
1916_1,2
1916_10,0
1916_11,2
1916_12,3
1916_2,3
1916_3,1
1916_4,0
1916_5,1
1916_6,1
1916_7,1
1916_8,0
1916_9,2
1916_undefined,6
1917_1,3
1917_10,1
1917_11,4
1917_12,2
1917_2,2
1917_3,5
1917_4,2
1917_5,0
1917_6,1
1917_7,2
1917_8,3
1917_9,3
1917_undefined,7
1918_1,3
1918_10,0
1918_11,3
1918_12,0
1918_2,0
1918_3,1
1918_4,1
1918_5,2
1918_6,1
1918_7,7
1918_8,2
1918_9,1
1918_undefined,3
1919_1,0
1919_10,1
1919_11,1
1919_12,2
1919_2,0
1919_3,1
1919_4,0
1919_5,4
1919_6,3
1919_7,3
1919_8,2
1919_9,0
1919_undefined,5
1920_1,4
1920_10,2
1920_11,0
1920_12,0
1920_2,1
1920_3,1
1920_4,2
1920_5,1
1920_6,1
1920_7,1
1920_8,1
1920_9,3
1920_undefined,7
1921_1,2
1921_10,0
1921_11,0
1921_12,1
1921_2,2
1921_3,1
1921_4,0
1921_5,2
1921_6,1
1921_7,3
1921_8,2
1921_9,0
1921_undefined,4
1922_1,7
1922_10,2
1922_11,2
1922_12,1
1922_2,3
1922_3,1
1922_4,0
1922_5,5
1922_6,2
1922_7,2
1922_8,2
1922_9,1
1922_undefined,10
1923_1,7
1923_10,2
1923_11,3
1923_12,2
1923_2,6
1923_3,5
1923_4,1
1923_5,3
1923_6,1
1923_7,2
1923_8,0
1923_9,0
1923_undefined,5
1924_1,6
1924_10,3
1924_11,2
1924_12,1
1924_2,2
1924_3,1
1924_4,4
1924_5,3
1924_6,3
1924_7,5
1924_8,1
1924_9,2
1924_undefined,8
1925_1,11
1925_10,3
1925_11,5
1925_12,6
1925_2,2
1925_3,2
1925_4,3
1925_5,1
1925_6,2
1925_7,1
1925_8,2
1925_9,2
1925_undefined,8
1926_1,3
1926_10,4
1926_11,4
1926_12,1
1926_2,4
1926_3,2
1926_4,3
1926_5,4
1926_6,1
1926_7,3
1926_8,1
1926_9,6
1926_undefined,3
1927_1,7
1927_10,5
1927_11,4
1927_12,7
1927_2,4
1927_3,11
1927_4,5
1927_5,6
1927_6,6
1927_7,2
1927_8,1
1927_9,3
1927_undefined,12
1928_1,10
1928_10,5
1928_11,5
1928_12,5
1928_2,0
1928_3,13
1928_4,2
1928_5,14
1928_6,5
1928_7,5
1928_8,0
1928_9,3
1928_undefined,14
1929_1,5
1929_10,7
1929_11,5
1929_12,4
1929_2,4
1929_3,9
1929_4,3
1929_5,7
1929_6,4
1929_7,4
1929_8,3
1929_9,4
1929_undefined,21
1930_1,11
1930_10,15
1930_11,8
1930_12,12
1930_2,10
1930_3,12
1930_4,6
1930_5,7
1930_6,5
1930_7,5
1930_8,1
1930_9,4
1930_undefined,25
1931_1,10
1931_10,14
1931_11,9
1931_12,11
1931_2,5
1931_3,3
1931_4,4
1931_5,6
1931_6,5
1931_7,8
1931_8,3
1931_9,2
1931_undefined,10
1932_1,11
1932_10,8
1932_11,9
1932_12,7
1932_2,15
1932_3,10
1932_4,7
1932_5,10
1932_6,0
1932_7,4
1932_8,0
1932_9,5
1932_undefined,20
1933_1,10
1933_10,8
1933_11,5
1933_12,9
1933_2,11
1933_3,7
1933_4,18
1933_5,8
1933_6,9
1933_7,4
1933_8,7
1933_9,8
1933_undefined,14
1934_1,10
1934_10,17
1934_11,7
1934_12,8
1934_2,13
1934_3,18
1934_4,7
1934_5,5
1934_6,3
1934_7,5
1934_8,2
1934_9,14
1934_undefined,20
1935_1,18
1935_10,13
1935_11,16
1935_12,11
1935_2,15
1935_3,15
1935_4,4
1935_5,15
1935_6,3
1935_7,12
1935_8,6
1935_9,11
1935_undefined,15
1936_1,17
1936_10,12
1936_11,10
1936_12,16
1936_2,15
1936_3,16
1936_4,10
1936_5,13
1936_6,7
1936_7,11
1936_8,5
1936_9,13
1936_undefined,29
1937_1,23
1937_10,12
1937_11,17
1937_12,19
1937_2,7
1937_3,21
1937_4,17
1937_5,12
1937_6,9
1937_7,12
1937_8,3
1937_9,6
1937_undefined,38
1938_1,27
1938_10,13
1938_11,14
1938_12,19
1938_2,13
1938_3,15
1938_4,8
1938_5,13
1938_6,7
1938_7,12
1938_8,12
1938_9,9
1938_undefined,45
1939_1,21
1939_10,14
1939_11,16
1939_12,14
1939_2,12
1939_3,18
1939_4,11
1939_5,9
1939_6,12
1939_7,11
1939_8,11
1939_9,7
1939_undefined,33
1940_1,19
1940_10,15
1940_11,10
1940_12,18
1940_2,10
1940_3,20
1940_4,23
1940_5,10
1940_6,21
1940_7,11
1940_8,7
1940_9,12
1940_undefined,27
1941_1,28
1941_10,9
1941_11,16
1941_12,25
1941_2,10
1941_3,20
1941_4,13
1941_5,19
1941_6,15
1941_7,19
1941_8,14
1941_9,15
1941_undefined,29
1942_1,31
1942_10,23
1942_11,16
1942_12,13
1942_2,21
1942_3,19
1942_4,14
1942_5,14
1942_6,19
1942_7,13
1942_8,8
1942_9,13
1942_undefined,17
1943_1,29
1943_10,19
1943_11,16
1943_12,8
1943_2,21
1943_3,11
1943_4,19
1943_5,11
1943_6,9
1943_7,10
1943_8,11
1943_9,18
1943_undefined,16
1944_1,16
1944_10,16
1944_11,12
1944_12,13
1944_2,16
1944_3,9
1944_4,19
1944_5,15
1944_6,13
1944_7,11
1944_8,12
1944_9,16
1944_undefined,14
1945_1,15
1945_10,15
1945_11,24
1945_12,13
1945_2,10
1945_3,8
1945_4,18
1945_5,13
1945_6,9
1945_7,10
1945_8,8
1945_9,13
1945_undefined,16
1946_1,26
1946_10,15
1946_11,20
1946_12,12
1946_2,12
1946_3,16
1946_4,15
1946_5,15
1946_6,11
1946_7,20
1946_8,15
1946_9,10
1946_undefined,23
1947_1,18
1947_10,22
1947_11,20
1947_12,18
1947_2,17
1947_3,30
1947_4,15
1947_5,17
1947_6,18
1947_7,17
1947_8,15
1947_9,18
1947_undefined,35
1948_1,24
1948_10,29
1948_11,21
1948_12,20
1948_2,23
1948_3,25
1948_4,21
1948_5,20
1948_6,20
1948_7,19
1948_8,11
1948_9,24
1948_undefined,42
1949_1,29
1949_10,36
1949_11,27
1949_12,32
1949_2,14
1949_3,28
1949_4,29
1949_5,22
1949_6,27
1949_7,23
1949_8,18
1949_9,16
1949_undefined,50
1950_1,35
1950_10,27
1950_11,18
1950_12,32
1950_2,21
1950_3,21
1950_4,31
1950_5,26
1950_6,21
1950_7,32
1950_8,21
1950_9,22
1950_undefined,42
1951_1,38
1951_10,26
1951_11,31
1951_12,40
1951_2,32
1951_3,28
1951_4,31
1951_5,30
1951_6,35
1951_7,36
1951_8,23
1951_9,20
1951_undefined,46
1952_1,59
1952_10,40
1952_11,29
1952_12,32
1952_2,21
1952_3,29
1952_4,29
1952_5,26
1952_6,19
1952_7,27
1952_8,18
1952_9,29
1952_undefined,56
1953_1,48
1953_10,36
1953_11,23
1953_12,32
1953_2,23
1953_3,37
1953_4,31
1953_5,34
1953_6,32
1953_7,24
1953_8,24
1953_9,20
1953_undefined,66
1954_1,52
1954_10,34
1954_11,31
1954_12,29
1954_2,31
1954_3,27
1954_4,34
1954_5,25
1954_6,30
1954_7,30
1954_8,18
1954_9,43
1954_undefined,78
1955_1,44
1955_10,36
1955_11,40
1955_12,25
1955_2,32
1955_3,39
1955_4,29
1955_5,29
1955_6,35
1955_7,35
1955_8,15
1955_9,37
1955_undefined,87
1956_1,47
1956_10,45
1956_11,34
1956_12,51
1956_2,32
1956_3,43
1956_4,40
1956_5,33
1956_6,36
1956_7,43
1956_8,17
1956_9,36
1956_undefined,95
1957_1,64
1957_10,44
1957_11,41
1957_12,29
1957_2,29
1957_3,48
1957_4,47
1957_5,31
1957_6,45
1957_7,33
1957_8,33
1957_9,36
1957_undefined,104
1958_1,60
1958_10,51
1958_11,28
1958_12,60
1958_2,35
1958_3,38
1958_4,43
1958_5,41
1958_6,35
1958_7,46
1958_8,27
1958_9,32
1958_undefined,140
1959_1,78
1959_10,42
1959_11,36
1959_12,46
1959_2,31
1959_3,33
1959_4,46
1959_5,21
1959_6,37
1959_7,51
1959_8,29
1959_9,64
1959_undefined,166
1960_1,72
1960_10,53
1960_11,42
1960_12,53
1960_2,26
1960_3,52
1960_4,32
1960_5,41
1960_6,47
1960_7,39
1960_8,43
1960_9,45
1960_undefined,188
1961_1,75
1961_10,50
1961_11,41
1961_12,59
1961_2,46
1961_3,47
1961_4,45
1961_5,41
1961_6,48
1961_7,42
1961_8,43
1961_9,53
1961_undefined,212
1962_1,78
1962_10,68
1962_11,47
1962_12,78
1962_2,47
1962_3,60
1962_4,49
1962_5,63
1962_6,54
1962_7,60
1962_8,30
1962_9,62
1962_undefined,197
1963_1,118
1963_10,77
1963_11,57
1963_12,74
1963_2,46
1963_3,53
1963_4,56
1963_5,65
1963_6,47
1963_7,83
1963_8,40
1963_9,66
1963_undefined,236
1964_1,113
1964_10,61
1964_11,65
1964_12,92
1964_2,60
1964_3,66
1964_4,55
1964_5,73
1964_6,64
1964_7,95
1964_8,63
1964_9,74
1964_undefined,262
1965_1,128
1965_10,77
1965_11,95
1965_12,79
1965_2,53
1965_3,91
1965_4,62
1965_5,69
1965_6,61
1965_7,94
1965_8,62
1965_9,88
1965_undefined,304
1966_1,123
1966_10,103
1966_11,89
1966_12,101
1966_2,67
1966_3,111
1966_4,90
1966_5,77
1966_6,94
1966_7,106
1966_8,66
1966_9,112
1966_undefined,300
1967_1,136
1967_10,111
1967_11,86
1967_12,97
1967_2,82
1967_3,120
1967_4,103
1967_5,92
1967_6,88
1967_7,99
1967_8,64
1967_9,106
1967_undefined,331
1968_1,210
1968_10,101
1968_11,102
1968_12,119
1968_2,82
1968_3,125
1968_4,110
1968_5,94
1968_6,105
1968_7,104
1968_8,89
1968_9,124
1968_undefined,378
1969_1,188
1969_10,130
1969_11,131
1969_12,210
1969_2,103
1969_3,127
1969_4,128
1969_5,117
1969_6,101
1969_7,106
1969_8,81
1969_9,128
1969_undefined,427
1970_1,326
1970_10,162
1970_11,154
1970_12,174
1970_2,136
1970_3,156
1970_4,131
1970_5,131
1970_6,166
1970_7,182
1970_8,124
1970_9,188
1970_undefined,564
1971_1,247
1971_10,149
1971_11,156
1971_12,214
1971_2,154
1971_3,155
1971_4,162
1971_5,138
1971_6,173
1971_7,179
1971_8,162
1971_9,183
1971_undefined,567
1972_1,276
1972_10,204
1972_11,177
1972_12,216
1972_2,184
1972_3,177
1972_4,183
1972_5,168
1972_6,213
1972_7,226
1972_8,148
1972_9,230
1972_undefined,641
1973_1,356
1973_10,241
1973_11,203
1973_12,273
1973_2,195
1973_3,257
1973_4,211
1973_5,229
1973_6,239
1973_7,269
1973_8,186
1973_9,251
1973_undefined,771
1974_1,377
1974_10,262
1974_11,275
1974_12,308
1974_2,241
1974_3,279
1974_4,309
1974_5,215
1974_6,272
1974_7,258
1974_8,233
1974_9,288
1974_undefined,811
1975_1,424
1975_10,275
1975_11,264
1975_12,358
1975_2,261
1975_3,293
1975_4,327
1975_5,254
1975_6,320
1975_7,289
1975_8,246
1975_9,286
1975_undefined,924
1976_1,542
1976_10,289
1976_11,269
1976_12,353
1976_2,269
1976_3,315
1976_4,325
1976_5,307
1976_6,307
1976_7,364
1976_8,230
1976_9,348
1976_undefined,1122
1977_1,609
1977_10,364
1977_11,326
1977_12,462
1977_2,274
1977_3,341
1977_4,502
1977_5,293
1977_6,369
1977_7,315
1977_8,240
1977_9,376
1977_undefined,1286
1978_1,725
1978_10,369
1978_11,374
1978_12,453
1978_2,309
1978_3,377
1978_4,470
1978_5,345
1978_6,375
1978_7,351
1978_8,318
1978_9,456
1978_undefined,1580
1979_1,902
1979_10,423
1979_11,386
1979_12,485
1979_2,365
1979_3,457
1979_4,392
1979_5,352
1979_6,431
1979_7,440
1979_8,351
1979_9,460
1979_undefined,1675
1980_1,1073
1980_10,491
1980_11,407
1980_12,573
1980_2,433
1980_3,530
1980_4,453
1980_5,420
1980_6,523
1980_7,516
1980_8,441
1980_9,598
1980_undefined,1939
1981_1,1159
1981_10,528
1981_11,530
1981_12,635
1981_2,474
1981_3,641
1981_4,759
1981_5,545
1981_6,631
1981_7,542
1981_8,473
1981_9,636
1981_undefined,2061
1982_1,1292
1982_10,630
1982_11,598
1982_12,761
1982_2,501
1982_3,673
1982_4,620
1982_5,538
1982_6,648
1982_7,649
1982_8,494
1982_9,695
1982_undefined,2330
1983_1,1506
1983_10,663
1983_11,638
1983_12,783
1983_2,614
1983_3,721
1983_4,632
1983_5,649
1983_6,721
1983_7,726
1983_8,581
1983_9,738
1983_undefined,2516
1984_1,1725
1984_10,819
1984_11,755
1984_12,857
1984_2,670
1984_3,816
1984_4,984
1984_5,746
1984_6,853
1984_7,760
1984_8,702
1984_9,829
1984_undefined,2934
1985_1,2077
1985_10,826
1985_11,832
1985_12,999
1985_2,689
1985_3,900
1985_4,1067
1985_5,819
1985_6,913
1985_7,890
1985_8,727
1985_9,1003
1985_undefined,3027
1986_1,2179
1986_10,970
1986_11,976
1986_12,1129
1986_2,834
1986_3,983
1986_4,974
1986_5,945
1986_6,1040
1986_7,968
1986_8,820
1986_9,1000
1986_undefined,3350
1987_1,2502
1987_10,1041
1987_11,1067
1987_12,1157
1987_2,897
1987_3,1096
1987_4,1161
1987_5,1040
1987_6,1103
1987_7,1015
1987_8,908
1987_9,1269
1987_undefined,3930
1988_1,2842
1988_10,1143
1988_11,1197
1988_12,1358
1988_2,1026
1988_3,1241
1988_4,1092
1988_5,1085
1988_6,1159
1988_7,1230
1988_8,1047
1988_9,1331
1988_undefined,4278
1989_1,3147
1989_10,1238
1989_11,1342
1989_12,1507
1989_2,1148
1989_3,1437
1989_4,1236
1989_5,1292
1989_6,1385
1989_7,1381
1989_8,1191
1989_9,1490
1989_undefined,4693
1990_1,3592
1990_10,1470
1990_11,1395
1990_12,1568
1990_2,1309
1990_3,1530
1990_4,1403
1990_5,1467
1990_6,1494
1990_7,1531
1990_8,1315
1990_9,1720
1990_undefined,4947
1991_1,3836
1991_10,1612
1991_11,1528
1991_12,1839
1991_2,1624
1991_3,1669
1991_4,1584
1991_5,1512
1991_6,1681
1991_7,1686
1991_8,1468
1991_9,1798
1991_undefined,5363
1992_1,3731
1992_10,1958
1992_11,1945
1992_12,1946
1992_2,1631
1992_3,1890
1992_4,1897
1992_5,1727
1992_6,1881
1992_7,2008
1992_8,1552
1992_9,2113
1992_undefined,5603
1993_1,3842
1993_10,2114
1993_11,2011
1993_12,2213
1993_2,1709
1993_3,2243
1993_4,2010
1993_5,2014
1993_6,1990
1993_7,2142
1993_8,1881
1993_9,2284
1993_undefined,6303
1994_1,4492
1994_10,2219
1994_11,2085
1994_12,2463
1994_2,1898
1994_3,2381
1994_4,2066
1994_5,2156
1994_6,2335
1994_7,2456
1994_8,2003
1994_9,2421
1994_undefined,6730
1995_1,4511
1995_10,2544
1995_11,2425
1995_12,2811
1995_2,2421
1995_3,2694
1995_4,2429
1995_5,2600
1995_6,2639
1995_7,2382
1995_8,2301
1995_9,2842
1995_undefined,7178
1996_1,6613
1996_10,2944
1996_11,2802
1996_12,2984
1996_2,2710
1996_3,2996
1996_4,3569
1996_5,2760
1996_6,2943
1996_7,2773
1996_8,2558
1996_9,3108
1996_undefined,7341
1997_1,5438
1997_10,3341
1997_11,3165
1997_12,3746
1997_2,2796
1997_3,3376
1997_4,3467
1997_5,3288
1997_6,3296
1997_7,3371
1997_8,2926
1997_9,3699
1997_undefined,9126
1998_1,5740
1998_10,3761
1998_11,3800
1998_12,4020
1998_2,3070
1998_3,4025
1998_4,4318
1998_5,3770
1998_6,3938
1998_7,3761
1998_8,3283
1998_9,4121
1998_undefined,9500
1999_1,6143
1999_10,4065
1999_11,4010
1999_12,4531
1999_2,3427
1999_3,4342
1999_4,4746
1999_5,3845
1999_6,4243
1999_7,4036
1999_8,3706
1999_9,4410
1999_undefined,10284
2000_1,6533
2000_10,4199
2000_11,4207
2000_12,4954
2000_2,4040
2000_3,4759
2000_4,5655
2000_5,4691
2000_6,4624
2000_7,4272
2000_8,3981
2000_9,5094
2000_undefined,11876
2001_1,7306
2001_10,4521
2001_11,4636
2001_12,5769
2001_2,4122
2001_3,5061
2001_4,5263
2001_5,4529
2001_6,5243
2001_7,4357
2001_8,4321
2001_9,4625
2001_undefined,13873
2002_1,9193
2002_10,5393
2002_11,5515
2002_12,5782
2002_2,4695
2002_3,5925
2002_4,5479
2002_5,4892
2002_6,5550
2002_7,5160
2002_8,4660
2002_9,5929
2002_undefined,13453
2003_1,9422
2003_10,6182
2003_11,5418
2003_12,6664
2003_2,5136
2003_3,6335
2003_4,6653
2003_5,5375
2003_6,6172
2003_7,5742
2003_8,5571
2003_9,6334
2003_undefined,13454
2004_1,9207
2004_10,6858
2004_11,6135
2004_12,7867
2004_2,5852
2004_3,7433
2004_4,6488
2004_5,7274
2004_6,7200
2004_7,7014
2004_8,6399
2004_9,7300
2004_undefined,14818
2005_1,10237
2005_10,7430
2005_11,6736
2005_12,8322
2005_2,6287
2005_3,7904
2005_4,7621
2005_5,7834
2005_6,8036
2005_7,6979
2005_8,6890
2005_9,7922
2005_undefined,16344
2006_1,12637
2006_10,8952
2006_11,8443
2006_12,9833
2006_2,7168
2006_3,8762
2006_4,8131
2006_5,8862
2006_6,9066
2006_7,8674
2006_8,7993
2006_9,9540
2006_undefined,19867
2007_1,14147
2007_10,10160
2007_11,9128
2007_12,10276
2007_2,8614
2007_3,9822
2007_4,9317
2007_5,9714
2007_6,10726
2007_7,9545
2007_8,8945
2007_9,10651
2007_undefined,22085
2008_1,14723
2008_10,12106
2008_11,10403
2008_12,12824
2008_2,9116
2008_3,10815
2008_4,12088
2008_5,11096
2008_6,12045
2008_7,11507
2008_8,9688
2008_9,11816
2008_undefined,23252
2009_1,16264
2009_10,12676
2009_11,12504
2009_12,14317
2009_2,11587
2009_3,12412
2009_4,12954
2009_5,13515
2009_6,12956
2009_7,12393
2009_8,12006
2009_9,13626
2009_undefined,27230
2010_1,16974
2010_10,14396
2010_11,14067
2010_12,15209
2010_2,11893
2010_3,15072
2010_4,16319
2010_5,17361
2010_6,16695
2010_7,13366
2010_8,13262
2010_9,15261
2010_undefined,30521
2011_1,18424
2011_10,16748
2011_11,15325
2011_12,17389
2011_2,13948
2011_3,15507
2011_4,16506
2011_5,16868
2011_6,17224
2011_7,15558
2011_8,14495
2011_9,17699
2011_undefined,35776
2012_1,20934
2012_10,18352
2012_11,17006
2012_12,19150
2012_2,15643
2012_3,17815
2012_4,18071
2012_5,18807
2012_6,18115
2012_7,17298
2012_8,15935
2012_9,19188
2012_undefined,43409
2013_1,23264
2013_10,22441
2013_11,20581
2013_12,22499
2013_2,16836
2013_3,19024
2013_4,19918
2013_5,18845
2013_6,19693
2013_7,19460
2013_8,17695
2013_9,21378
2013_undefined,47585
2014_1,24915
2014_10,24918
2014_11,22723
2014_12,24577
2014_2,18271
2014_3,21803
2014_4,21768
2014_5,21239
2014_6,21897
2014_7,21589
2014_8,20563
2014_9,26395
2014_undefined,49966
2015_1,26832
2015_10,26954
2015_11,25366
2015_12,28932
2015_2,20423
2015_3,24668
2015_4,25211
2015_5,25213
2015_6,26457
2015_7,25085
2015_8,24904
2015_9,29488
2015_undefined,50721
2016_1,29524
2016_10,29854
2016_11,28980
2016_12,31204
2016_2,24307
2016_3,27807
2016_4,27193
2016_5,27368
2016_6,28851
2016_7,28289
2016_8,26300
2016_9,32647
2016_undefined,56955
2017_1,30102
2017_10,11
2017_11,8
2017_12,55
2017_2,28700
2017_3,29685
2017_4,5072
2017_5,2252
2017_6,1305
2017_7,482
2017_8,253
2017_9,60
2017_undefined,13326
2018_1,2
2018_12,0
2018_2,1
2018_3,0
2018_4,1
2018_6,0
2018_7,0
2018_8,0
2018_undefined,31
2019_10,0
2019_11,1
2019_12,0
2019_2,1
2019_5,0
2019_8,0
2019_undefined,1
2020_undefined,0
2021_6,0
2021_undefined,0
2022_undefined,0
2023_6,1
2024_1,0
2024_undefined,0
2025_6,0
2025_undefined,0
2026_6,0
2027_5,0
2031_1,0
2033_12,0
2038_1,1
2041_9,0
2043_6,0
2051_undefined,1
2055_4,0
2061_11,0
2088_1,5
2088_undefined,0
2099_12,4
2099_undefined,0
2100_1,0
2100_5,0
2101_11,0
2102_2,0
2103_11,0
2103_12,7
2103_3,0
2103_7,2
2103_9,0
2104_12,0
2104_3,2
2104_9,0
2104_undefined,0
2105_3,0
2105_7,0
2105_undefined,0
2106_1,0
2106_10,0
2106_6,0
2106_8,0
2106_undefined,0
2107_2,0
2112_10,0
2114_11,0
2114_12,2
2114_undefined,1
2115_10,0
2115_12,1
2115_3,1
2115_4,1
2115_7,0
2116_1,0
2116_12,1
2116_7,0
2200_11,0
2203_10,0
null_undefined,85563
