_id,value_seconds,_id,value_firsts,abs_diff,percent_diff
1633_1,0,1633_1,1,-1,-1.0
1843_3,0,1843_3,1,-1,-1.0
1843_9,1,1843_9,0,1,inf
1845_3,0,1845_3,1,-1,-1.0
1850_12,0,1850_12,1,-1,-1.0
1851_11,0,1851_11,1,-1,-1.0
1863_12,1,1863_12,0,1,inf
1866_2,1,1866_2,0,1,inf
1868_5,1,1868_5,0,1,inf
1868_9,1,1868_9,0,1,inf
1869_10,1,1869_10,1,0,0.0
1869_3,3,1869_3,0,3,inf
1869_4,0,1869_4,1,-1,-1.0
1869_5,2,1869_5,2,0,0.0
1870_1,0,1870_1,1,-1,-1.0
1870_3,0,1870_3,2,-2,-1.0
1870_8,0,1870_8,1,-1,-1.0
1870_9,0,1870_9,1,-1,-1.0
1871_1,1,1871_1,0,1,inf
1871_3,1,1871_3,0,1,inf
1871_4,0,1871_4,1,-1,-1.0
1871_5,1,1871_5,1,0,0.0
1871_6,0,1871_6,2,-2,-1.0
1871_9,1,1871_9,0,1,inf
1872_11,1,1872_11,0,1,inf
1872_3,1,1872_3,0,1,inf
1872_9,0,1872_9,1,-1,-1.0
1873_3,1,1873_3,1,0,0.0
1874_1,2,1874_1,0,2,inf
1874_10,1,1874_10,1,0,0.0
1874_4,1,1874_4,0,1,inf
1875_11,1,1875_11,0,1,inf
1875_2,1,1875_2,1,0,0.0
1876_5,1,1876_5,2,-1,-0.5
1876_7,1,1876_7,0,1,inf
1876_9,1,1876_9,1,0,0.0
1877_12,0,1877_12,1,-1,-1.0
1877_4,1,1877_4,0,1,inf
1877_5,0,1877_5,1,-1,-1.0
1877_8,1,1877_8,0,1,inf
1878_5,1,1878_5,0,1,inf
1880_2,0,1880_2,1,-1,-1.0
1880_4,0,1880_4,1,-1,-1.0
1880_9,1,1880_9,1,0,0.0
1881_12,1,1881_12,0,1,inf
1882_1,1,1882_1,0,1,inf
1882_5,1,1882_5,1,0,0.0
1883_10,1,1883_10,0,1,inf
1883_11,1,1883_11,0,1,inf
1883_8,1,1883_8,0,1,inf
1883_9,0,1883_9,1,-1,-1.0
1884_4,1,1884_4,0,1,inf
1884_9,1,1884_9,0,1,inf
1885_2,1,1885_2,0,1,inf
1885_3,1,1885_3,0,1,inf
1886_11,0,1886_11,1,-1,-1.0
1886_2,1,1886_2,0,1,inf
1887_1,0,1887_1,1,-1,-1.0
1887_10,1,1887_10,0,1,inf
1887_12,0,1887_12,1,-1,-1.0
1887_2,1,1887_2,0,1,inf
1887_7,1,1887_7,1,0,0.0
1888_1,1,1888_1,0,1,inf
1888_3,1,1888_3,0,1,inf
1888_4,1,1888_4,0,1,inf
1888_8,1,1888_8,0,1,inf
1889_1,0,1889_1,1,-1,-1.0
1889_11,1,1889_11,0,1,inf
1889_12,1,1889_12,1,0,0.0
1889_3,0,1889_3,2,-2,-1.0
1889_9,0,1889_9,1,-1,-1.0
1890_3,1,1890_3,0,1,inf
1891_3,3,1891_3,0,3,inf
1892_12,0,1892_12,1,-1,-1.0
1892_3,1,1892_3,0,1,inf
1892_6,1,1892_6,1,0,0.0
1893_12,2,1893_12,2,0,0.0
1893_3,0,1893_3,1,-1,-1.0
1893_5,0,1893_5,1,-1,-1.0
1893_6,1,1893_6,0,1,inf
1893_9,0,1893_9,1,-1,-1.0
1894_1,0,1894_1,1,-1,-1.0
1894_10,1,1894_10,0,1,inf
1894_12,2,1894_12,0,2,inf
1894_3,0,1894_3,1,-1,-1.0
1894_8,1,1894_8,0,1,inf
1894_9,1,1894_9,0,1,inf
1895_1,1,1895_1,0,1,inf
1895_12,0,1895_12,1,-1,-1.0
1895_7,1,1895_7,0,1,inf
1895_9,1,1895_9,0,1,inf
1896_10,2,1896_10,1,1,1.0
1896_12,0,1896_12,1,-1,-1.0
1896_3,1,1896_3,0,1,inf
1896_4,1,1896_4,0,1,inf
1896_9,1,1896_9,1,0,0.0
1897_11,2,1897_11,0,2,inf
1897_12,1,1897_12,0,1,inf
1897_2,3,1897_2,0,3,inf
1897_3,0,1897_3,1,-1,-1.0
1897_9,1,1897_9,2,-1,-0.5
1898_1,1,1898_1,0,1,inf
1898_11,0,1898_11,1,-1,-1.0
1898_12,2,1898_12,0,2,inf
1898_2,1,1898_2,1,0,0.0
1898_4,1,1898_4,1,0,0.0
1898_9,0,1898_9,2,-2,-1.0
1899_12,8,1899_12,7,1,0.14285714285714285
1899_3,0,1899_3,2,-2,-1.0
1899_4,1,1899_4,2,-1,-0.5
1899_5,1,1899_5,0,1,inf
1899_6,0,1899_6,1,-1,-1.0
1899_7,1,1899_7,0,1,inf
1899_9,2,1899_9,1,1,1.0
1900_1,0,1900_1,2,-2,-1.0
1900_10,1,1900_10,1,0,0.0
1900_11,1,1900_11,0,1,inf
1900_3,1,1900_3,0,1,inf
1900_4,1,1900_4,1,0,0.0
1900_5,0,1900_5,1,-1,-1.0
1900_6,0,1900_6,1,-1,-1.0
1900_7,2,1900_7,0,2,inf
1900_8,1,1900_8,0,1,inf
1900_9,1,1900_9,3,-2,-0.6666666666666666
1901_1,1,1901_1,2,-1,-0.5
1901_10,2,1901_10,1,1,1.0
1901_11,3,1901_11,1,2,2.0
1901_12,1,1901_12,2,-1,-0.5
1901_2,1,1901_2,1,0,0.0
1901_3,1,1901_3,0,1,inf
1901_4,3,1901_4,1,2,2.0
1901_5,2,1901_5,1,1,1.0
1901_6,2,1901_6,2,0,0.0
1901_7,6,1901_7,2,4,2.0
1901_8,1,1901_8,0,1,inf
1901_9,1,1901_9,0,1,inf
1902_1,2,1902_1,0,2,inf
1902_11,2,1902_11,1,1,1.0
1902_12,2,1902_12,2,0,0.0
1902_2,1,1902_2,1,0,0.0
1902_3,2,1902_3,4,-2,-0.5
1902_4,2,1902_4,1,1,1.0
1902_5,0,1902_5,2,-2,-1.0
1902_6,1,1902_6,1,0,0.0
1902_7,3,1902_7,4,-1,-0.25
1902_8,1,1902_8,0,1,inf
1902_9,2,1902_9,0,2,inf
1903_1,0,1903_1,2,-2,-1.0
1903_10,1,1903_10,2,-1,-0.5
1903_11,0,1903_11,2,-2,-1.0
1903_12,2,1903_12,2,0,0.0
1903_2,4,1903_2,2,2,1.0
1903_3,2,1903_3,0,2,inf
1903_4,1,1903_4,1,0,0.0
1903_5,0,1903_5,1,-1,-1.0
1903_6,1,1903_6,1,0,0.0
1903_9,1,1903_9,0,1,inf
1904_1,4,1904_1,2,2,1.0
1904_10,2,1904_10,1,1,1.0
1904_11,1,1904_11,0,1,inf
1904_12,3,1904_12,1,2,2.0
1904_2,1,1904_2,1,0,0.0
1904_3,3,1904_3,2,1,0.5
1904_4,5,1904_4,3,2,0.6666666666666666
1904_5,0,1904_5,3,-3,-1.0
1904_6,2,1904_6,1,1,1.0
1904_7,3,1904_7,0,3,inf
1904_9,1,1904_9,2,-1,-0.5
1905_1,5,1905_1,6,-1,-0.16666666666666666
1905_10,4,1905_10,3,1,0.3333333333333333
1905_11,1,1905_11,3,-2,-0.6666666666666666
1905_12,1,1905_12,1,0,0.0
1905_2,2,1905_2,1,1,1.0
1905_3,2,1905_3,2,0,0.0
1905_4,0,1905_4,1,-1,-1.0
1905_5,1,1905_5,2,-1,-0.5
1905_6,1,1905_6,0,1,inf
1905_7,3,1905_7,2,1,0.5
1905_8,0,1905_8,1,-1,-1.0
1905_9,2,1905_9,1,1,1.0
1906_1,0,1906_1,1,-1,-1.0
1906_10,2,1906_10,3,-1,-0.3333333333333333
1906_11,0,1906_11,1,-1,-1.0
1906_12,1,1906_12,0,1,inf
1906_2,2,1906_2,1,1,1.0
1906_3,1,1906_3,3,-2,-0.6666666666666666
1906_4,3,1906_4,2,1,0.5
1906_5,1,1906_5,1,0,0.0
1906_6,2,1906_6,1,1,1.0
1906_8,1,1906_8,0,1,inf
1906_9,2,1906_9,0,2,inf
1907_10,1,1907_10,1,0,0.0
1907_12,1,1907_12,1,0,0.0
1907_3,0,1907_3,1,-1,-1.0
1907_6,3,1907_6,3,0,0.0
1907_7,3,1907_7,0,3,inf
1907_8,2,1907_8,0,2,inf
1907_9,3,1907_9,1,2,2.0
1908_1,3,1908_1,0,3,inf
1908_10,2,1908_10,1,1,1.0
1908_11,1,1908_11,1,0,0.0
1908_12,1,1908_12,2,-1,-0.5
1908_2,1,1908_2,0,1,inf
1908_3,1,1908_3,1,0,0.0
1908_4,1,1908_4,4,-3,-0.75
1908_5,0,1908_5,1,-1,-1.0
1908_6,1,1908_6,0,1,inf
1908_7,2,1908_7,0,2,inf
1908_9,2,1908_9,2,0,0.0
1909_1,1,1909_1,3,-2,-0.6666666666666666
1909_10,2,1909_10,1,1,1.0
1909_12,1,1909_12,0,1,inf
1909_2,1,1909_2,0,1,inf
1909_3,1,1909_3,1,0,0.0
1909_4,2,1909_4,1,1,1.0
1909_5,0,1909_5,1,-1,-1.0
1909_6,2,1909_6,2,0,0.0
1909_7,2,1909_7,1,1,1.0
1909_8,2,1909_8,1,1,1.0
1909_9,2,1909_9,2,0,0.0
1910_1,2,1910_1,0,2,inf
1910_10,2,1910_10,0,2,inf
1910_11,2,1910_11,0,2,inf
1910_12,2,1910_12,1,1,1.0
1910_3,5,1910_3,2,3,1.5
1910_4,2,1910_4,0,2,inf
1910_5,1,1910_5,0,1,inf
1910_6,3,1910_6,1,2,2.0
1910_7,1,1910_7,0,1,inf
1911_1,1,1911_1,1,0,0.0
1911_10,1,1911_10,1,0,0.0
1911_11,1,1911_11,1,0,0.0
1911_12,1,1911_12,0,1,inf
1911_3,2,1911_3,1,1,1.0
1911_5,2,1911_5,0,2,inf
1911_6,4,1911_6,1,3,3.0
1911_7,4,1911_7,1,3,3.0
1911_8,2,1911_8,1,1,1.0
1911_9,1,1911_9,1,0,0.0
1912_1,1,1912_1,0,1,inf
1912_10,1,1912_10,0,1,inf
1912_12,1,1912_12,0,1,inf
1912_3,2,1912_3,3,-1,-0.3333333333333333
1912_5,1,1912_5,0,1,inf
1912_6,4,1912_6,4,0,0.0
1912_7,3,1912_7,4,-1,-0.25
1912_9,2,1912_9,1,1,1.0
1913_1,2,1913_1,2,0,0.0
1913_10,3,1913_10,5,-2,-0.4
1913_12,2,1913_12,0,2,inf
1913_2,1,1913_2,2,-1,-0.5
1913_3,4,1913_3,0,4,inf
1913_4,1,1913_4,2,-1,-0.5
1913_5,2,1913_5,0,2,inf
1913_6,1,1913_6,2,-1,-0.5
1913_7,0,1913_7,1,-1,-1.0
1913_8,0,1913_8,1,-1,-1.0
1913_9,1,1913_9,3,-2,-0.6666666666666666
1914_1,1,1914_1,1,0,0.0
1914_10,2,1914_10,1,1,1.0
1914_11,3,1914_11,0,3,inf
1914_12,0,1914_12,1,-1,-1.0
1914_3,1,1914_3,1,0,0.0
1914_4,4,1914_4,5,-1,-0.2
1914_5,3,1914_5,0,3,inf
1914_6,1,1914_6,2,-1,-0.5
1914_7,0,1914_7,1,-1,-1.0
1914_8,2,1914_8,0,2,inf
1914_9,3,1914_9,3,0,0.0
1915_1,4,1915_1,1,3,3.0
1915_10,2,1915_10,1,1,1.0
1915_11,0,1915_11,3,-3,-1.0
1915_12,2,1915_12,3,-1,-0.3333333333333333
1915_2,3,1915_2,2,1,0.5
1915_3,1,1915_3,1,0,0.0
1915_4,5,1915_4,5,0,0.0
1915_5,2,1915_5,1,1,1.0
1915_6,2,1915_6,3,-1,-0.3333333333333333
1915_7,1,1915_7,1,0,0.0
1915_9,0,1915_9,3,-3,-1.0
1916_1,3,1916_1,2,1,0.5
1916_10,2,1916_10,0,2,inf
1916_11,4,1916_11,2,2,1.0
1916_12,4,1916_12,3,1,0.3333333333333333
1916_2,3,1916_2,3,0,0.0
1916_3,2,1916_3,1,1,1.0
1916_4,1,1916_4,0,1,inf
1916_5,3,1916_5,1,2,2.0
1916_6,3,1916_6,1,2,2.0
1916_7,2,1916_7,1,1,1.0
1916_9,3,1916_9,2,1,0.5
1917_1,6,1917_1,3,3,1.0
1917_10,0,1917_10,1,-1,-1.0
1917_11,5,1917_11,4,1,0.25
1917_12,1,1917_12,2,-1,-0.5
1917_2,5,1917_2,2,3,1.5
1917_3,4,1917_3,5,-1,-0.2
1917_4,3,1917_4,2,1,0.5
1917_5,1,1917_5,0,1,inf
1917_6,1,1917_6,1,0,0.0
1917_7,2,1917_7,2,0,0.0
1917_8,3,1917_8,3,0,0.0
1917_9,2,1917_9,3,-1,-0.3333333333333333
1918_1,3,1918_1,3,0,0.0
1918_11,3,1918_11,3,0,0.0
1918_2,4,1918_2,0,4,inf
1918_3,4,1918_3,1,3,3.0
1918_4,3,1918_4,1,2,2.0
1918_5,1,1918_5,2,-1,-0.5
1918_6,0,1918_6,1,-1,-1.0
1918_7,2,1918_7,7,-5,-0.7142857142857143
1918_8,2,1918_8,2,0,0.0
1918_9,0,1918_9,1,-1,-1.0
1919_1,2,1919_1,0,2,inf
1919_10,2,1919_10,1,1,1.0
1919_11,2,1919_11,1,1,1.0
1919_12,2,1919_12,2,0,0.0
1919_2,1,1919_2,0,1,inf
1919_3,1,1919_3,1,0,0.0
1919_4,1,1919_4,0,1,inf
1919_5,3,1919_5,4,-1,-0.25
1919_6,1,1919_6,3,-2,-0.6666666666666666
1919_7,7,1919_7,3,4,1.3333333333333333
1919_8,0,1919_8,2,-2,-1.0
1919_9,3,1919_9,0,3,inf
1920_1,3,1920_1,4,-1,-0.25
1920_10,0,1920_10,2,-2,-1.0
1920_12,2,1920_12,0,2,inf
1920_2,2,1920_2,1,1,1.0
1920_3,1,1920_3,1,0,0.0
1920_4,0,1920_4,2,-2,-1.0
1920_5,2,1920_5,1,1,1.0
1920_6,0,1920_6,1,-1,-1.0
1920_7,0,1920_7,1,-1,-1.0
1920_8,3,1920_8,1,2,2.0
1920_9,3,1920_9,3,0,0.0
1921_1,2,1921_1,2,0,0.0
1921_12,2,1921_12,1,1,1.0
1921_2,2,1921_2,2,0,0.0
1921_3,1,1921_3,1,0,0.0
1921_4,4,1921_4,0,4,inf
1921_5,4,1921_5,2,2,1.0
1921_6,3,1921_6,1,2,2.0
1921_7,6,1921_7,3,3,1.0
1921_8,2,1921_8,2,0,0.0
1921_9,4,1921_9,0,4,inf
1922_1,4,1922_1,7,-3,-0.42857142857142855
1922_10,7,1922_10,2,5,2.5
1922_11,8,1922_11,2,6,3.0
1922_12,5,1922_12,1,4,4.0
1922_2,4,1922_2,3,1,0.3333333333333333
1922_3,4,1922_3,1,3,3.0
1922_4,2,1922_4,0,2,inf
1922_5,0,1922_5,5,-5,-1.0
1922_6,0,1922_6,2,-2,-1.0
1922_7,5,1922_7,2,3,1.5
1922_8,2,1922_8,2,0,0.0
1922_9,5,1922_9,1,4,4.0
1923_1,8,1923_1,7,1,0.14285714285714285
1923_10,4,1923_10,2,2,1.0
1923_11,7,1923_11,3,4,1.3333333333333333
1923_12,2,1923_12,2,0,0.0
1923_2,7,1923_2,6,1,0.16666666666666666
1923_3,9,1923_3,5,4,0.8
1923_4,8,1923_4,1,7,7.0
1923_5,1,1923_5,3,-2,-0.6666666666666666
1923_6,3,1923_6,1,2,2.0
1923_7,2,1923_7,2,0,0.0
1923_8,1,1923_8,0,1,inf
1923_9,5,1923_9,0,5,inf
1924_1,11,1924_1,6,5,0.8333333333333334
1924_10,9,1924_10,3,6,2.0
1924_11,2,1924_11,2,0,0.0
1924_12,7,1924_12,1,6,6.0
1924_2,4,1924_2,2,2,1.0
1924_3,5,1924_3,1,4,4.0
1924_4,3,1924_4,4,-1,-0.25
1924_5,2,1924_5,3,-1,-0.3333333333333333
1924_6,3,1924_6,3,0,0.0
1924_7,6,1924_7,5,1,0.2
1924_8,1,1924_8,1,0,0.0
1924_9,3,1924_9,2,1,0.5
1925_1,9,1925_1,11,-2,-0.18181818181818182
1925_10,1,1925_10,3,-2,-0.6666666666666666
1925_11,3,1925_11,5,-2,-0.4
1925_12,8,1925_12,6,2,0.3333333333333333
1925_2,3,1925_2,2,1,0.5
1925_3,9,1925_3,2,7,3.5
1925_4,4,1925_4,3,1,0.3333333333333333
1925_5,3,1925_5,1,2,2.0
1925_6,8,1925_6,2,6,3.0
1925_7,8,1925_7,1,7,7.0
1925_8,2,1925_8,2,0,0.0
1925_9,3,1925_9,2,1,0.5
1926_1,5,1926_1,3,2,0.6666666666666666
1926_10,11,1926_10,4,7,1.75
1926_11,4,1926_11,4,0,0.0
1926_12,9,1926_12,1,8,8.0
1926_2,3,1926_2,4,-1,-0.25
1926_3,4,1926_3,2,2,1.0
1926_4,7,1926_4,3,4,1.3333333333333333
1926_5,3,1926_5,4,-1,-0.25
1926_6,7,1926_6,1,6,6.0
1926_7,5,1926_7,3,2,0.6666666666666666
1926_8,4,1926_8,1,3,3.0
1926_9,5,1926_9,6,-1,-0.16666666666666666
1927_1,9,1927_1,7,2,0.2857142857142857
1927_10,9,1927_10,5,4,0.8
1927_11,1,1927_11,4,-3,-0.75
1927_12,10,1927_12,7,3,0.42857142857142855
1927_2,12,1927_2,4,8,2.0
1927_3,6,1927_3,11,-5,-0.45454545454545453
1927_4,6,1927_4,5,1,0.2
1927_5,4,1927_5,6,-2,-0.3333333333333333
1927_6,2,1927_6,6,-4,-0.6666666666666666
1927_7,11,1927_7,2,9,4.5
1927_8,5,1927_8,1,4,4.0
1927_9,9,1927_9,3,6,2.0
1928_1,10,1928_1,10,0,0.0
1928_10,5,1928_10,5,0,0.0
1928_11,2,1928_11,5,-3,-0.6
1928_12,13,1928_12,5,8,1.6
1928_2,12,1928_2,0,12,inf
1928_3,13,1928_3,13,0,0.0
1928_4,11,1928_4,2,9,4.5
1928_5,7,1928_5,14,-7,-0.5
1928_6,7,1928_6,5,2,0.4
1928_7,4,1928_7,5,-1,-0.2
1928_8,2,1928_8,0,2,inf
1928_9,4,1928_9,3,1,0.3333333333333333
1929_1,11,1929_1,5,6,1.2
1929_10,8,1929_10,7,1,0.14285714285714285
1929_11,7,1929_11,5,2,0.4
1929_12,11,1929_12,4,7,1.75
1929_2,4,1929_2,4,0,0.0
1929_3,6,1929_3,9,-3,-0.3333333333333333
1929_4,5,1929_4,3,2,0.6666666666666666
1929_5,12,1929_5,7,5,0.7142857142857143
1929_6,8,1929_6,4,4,1.0
1929_7,4,1929_7,4,0,0.0
1929_8,5,1929_8,3,2,0.6666666666666666
1929_9,4,1929_9,4,0,0.0
1930_1,16,1930_1,11,5,0.45454545454545453
1930_10,9,1930_10,15,-6,-0.4
1930_11,6,1930_11,8,-2,-0.25
1930_12,16,1930_12,12,4,0.3333333333333333
1930_2,8,1930_2,10,-2,-0.2
1930_3,12,1930_3,12,0,0.0
1930_4,8,1930_4,6,2,0.3333333333333333
1930_5,10,1930_5,7,3,0.42857142857142855
1930_6,7,1930_6,5,2,0.4
1930_7,10,1930_7,5,5,1.0
1930_8,6,1930_8,1,5,5.0
1930_9,8,1930_9,4,4,1.0
1931_1,17,1931_1,10,7,0.7
1931_10,11,1931_10,14,-3,-0.21428571428571427
1931_11,8,1931_11,9,-1,-0.1111111111111111
1931_12,20,1931_12,11,9,0.8181818181818182
1931_2,9,1931_2,5,4,0.8
1931_3,13,1931_3,3,10,3.3333333333333335
1931_4,8,1931_4,4,4,1.0
1931_5,13,1931_5,6,7,1.1666666666666667
1931_6,7,1931_6,5,2,0.4
1931_7,11,1931_7,8,3,0.375
1931_8,4,1931_8,3,1,0.3333333333333333
1931_9,7,1931_9,2,5,2.5
1932_1,26,1932_1,11,15,1.3636363636363635
1932_10,16,1932_10,8,8,1.0
1932_11,15,1932_11,9,6,0.6666666666666666
1932_12,13,1932_12,7,6,0.8571428571428571
1932_2,10,1932_2,15,-5,-0.3333333333333333
1932_3,19,1932_3,10,9,0.9
1932_4,11,1932_4,7,4,0.5714285714285714
1932_5,15,1932_5,10,5,0.5
1932_6,6,1932_6,0,6,inf
1932_7,7,1932_7,4,3,0.75
1932_8,5,1932_8,0,5,inf
1932_9,8,1932_9,5,3,0.6
1933_1,15,1933_1,10,5,0.5
1933_10,12,1933_10,8,4,0.5
1933_11,10,1933_11,5,5,1.0
1933_12,21,1933_12,9,12,1.3333333333333333
1933_2,10,1933_2,11,-1,-0.09090909090909091
1933_3,18,1933_3,7,11,1.5714285714285714
1933_4,15,1933_4,18,-3,-0.16666666666666666
1933_5,11,1933_5,8,3,0.375
1933_6,16,1933_6,9,7,0.7777777777777778
1933_7,18,1933_7,4,14,3.5
1933_8,7,1933_8,7,0,0.0
1933_9,11,1933_9,8,3,0.375
1934_1,23,1934_1,10,13,1.3
1934_10,17,1934_10,17,0,0.0
1934_11,13,1934_11,7,6,0.8571428571428571
1934_12,12,1934_12,8,4,0.5
1934_2,11,1934_2,13,-2,-0.15384615384615385
1934_3,20,1934_3,18,2,0.1111111111111111
1934_4,13,1934_4,7,6,0.8571428571428571
1934_5,15,1934_5,5,10,2.0
1934_6,3,1934_6,3,0,0.0
1934_7,10,1934_7,5,5,1.0
1934_8,9,1934_8,2,7,3.5
1934_9,14,1934_9,14,0,0.0
1935_1,19,1935_1,18,1,0.05555555555555555
1935_10,23,1935_10,13,10,0.7692307692307693
1935_11,21,1935_11,16,5,0.3125
1935_12,20,1935_12,11,9,0.8181818181818182
1935_2,13,1935_2,15,-2,-0.13333333333333333
1935_3,19,1935_3,15,4,0.26666666666666666
1935_4,10,1935_4,4,6,1.5
1935_5,24,1935_5,15,9,0.6
1935_6,8,1935_6,3,5,1.6666666666666667
1935_7,16,1935_7,12,4,0.3333333333333333
1935_8,11,1935_8,6,5,0.8333333333333334
1935_9,23,1935_9,11,12,1.0909090909090908
1936_1,30,1936_1,17,13,0.7647058823529411
1936_10,15,1936_10,12,3,0.25
1936_11,9,1936_11,10,-1,-0.1
1936_12,21,1936_12,16,5,0.3125
1936_2,10,1936_2,15,-5,-0.3333333333333333
1936_3,28,1936_3,16,12,0.75
1936_4,22,1936_4,10,12,1.2
1936_5,20,1936_5,13,7,0.5384615384615384
1936_6,16,1936_6,7,9,1.2857142857142858
1936_7,17,1936_7,11,6,0.5454545454545454
1936_8,9,1936_8,5,4,0.8
1936_9,16,1936_9,13,3,0.23076923076923078
1937_1,24,1937_1,23,1,0.043478260869565216
1937_10,18,1937_10,12,6,0.5
1937_11,22,1937_11,17,5,0.29411764705882354
1937_12,25,1937_12,19,6,0.3157894736842105
1937_2,15,1937_2,7,8,1.1428571428571428
1937_3,21,1937_3,21,0,0.0
1937_4,15,1937_4,17,-2,-0.11764705882352941
1937_5,21,1937_5,12,9,0.75
1937_6,14,1937_6,9,5,0.5555555555555556
1937_7,27,1937_7,12,15,1.25
1937_8,13,1937_8,3,10,3.3333333333333335
1937_9,17,1937_9,6,11,1.8333333333333333
1938_1,27,1938_1,27,0,0.0
1938_10,21,1938_10,13,8,0.6153846153846154
1938_11,18,1938_11,14,4,0.2857142857142857
1938_12,21,1938_12,19,2,0.10526315789473684
1938_2,18,1938_2,13,5,0.38461538461538464
1938_3,15,1938_3,15,0,0.0
1938_4,22,1938_4,8,14,1.75
1938_5,14,1938_5,13,1,0.07692307692307693
1938_6,21,1938_6,7,14,2.0
1938_7,16,1938_7,12,4,0.3333333333333333
1938_8,18,1938_8,12,6,0.5
1938_9,18,1938_9,9,9,1.0
1939_1,32,1939_1,21,11,0.5238095238095238
1939_10,18,1939_10,14,4,0.2857142857142857
1939_11,17,1939_11,16,1,0.0625
1939_12,23,1939_12,14,9,0.6428571428571429
1939_2,19,1939_2,12,7,0.5833333333333334
1939_3,28,1939_3,18,10,0.5555555555555556
1939_4,21,1939_4,11,10,0.9090909090909091
1939_5,14,1939_5,9,5,0.5555555555555556
1939_6,24,1939_6,12,12,1.0
1939_7,17,1939_7,11,6,0.5454545454545454
1939_8,9,1939_8,11,-2,-0.18181818181818182
1939_9,21,1939_9,7,14,2.0
1940_1,16,1940_1,19,-3,-0.15789473684210525
1940_10,21,1940_10,15,6,0.4
1940_11,15,1940_11,10,5,0.5
1940_12,18,1940_12,18,0,0.0
1940_2,15,1940_2,10,5,0.5
1940_3,31,1940_3,20,11,0.55
1940_4,27,1940_4,23,4,0.17391304347826086
1940_5,16,1940_5,10,6,0.6
1940_6,16,1940_6,21,-5,-0.23809523809523808
1940_7,16,1940_7,11,5,0.45454545454545453
1940_8,15,1940_8,7,8,1.1428571428571428
1940_9,17,1940_9,12,5,0.4166666666666667
1941_1,42,1941_1,28,14,0.5
1941_10,23,1941_10,9,14,1.5555555555555556
1941_11,20,1941_11,16,4,0.25
1941_12,24,1941_12,25,-1,-0.04
1941_2,19,1941_2,10,9,0.9
1941_3,30,1941_3,20,10,0.5
1941_4,23,1941_4,13,10,0.7692307692307693
1941_5,29,1941_5,19,10,0.5263157894736842
1941_6,21,1941_6,15,6,0.4
1941_7,29,1941_7,19,10,0.5263157894736842
1941_8,15,1941_8,14,1,0.07142857142857142
1941_9,22,1941_9,15,7,0.4666666666666667
1942_1,23,1942_1,31,-8,-0.25806451612903225
1942_10,23,1942_10,23,0,0.0
1942_11,19,1942_11,16,3,0.1875
1942_12,34,1942_12,13,21,1.6153846153846154
1942_2,20,1942_2,21,-1,-0.047619047619047616
1942_3,6,1942_3,19,-13,-0.6842105263157895
1942_4,15,1942_4,14,1,0.07142857142857142
1942_5,10,1942_5,14,-4,-0.2857142857142857
1942_6,19,1942_6,19,0,0.0
1942_7,17,1942_7,13,4,0.3076923076923077
1942_8,10,1942_8,8,2,0.25
1942_9,21,1942_9,13,8,0.6153846153846154
1943_1,29,1943_1,29,0,0.0
1943_10,27,1943_10,19,8,0.42105263157894735
1943_11,22,1943_11,16,6,0.375
1943_12,17,1943_12,8,9,1.125
1943_2,26,1943_2,21,5,0.23809523809523808
1943_3,19,1943_3,11,8,0.7272727272727273
1943_4,19,1943_4,19,0,0.0
1943_5,15,1943_5,11,4,0.36363636363636365
1943_6,22,1943_6,9,13,1.4444444444444444
1943_7,26,1943_7,10,16,1.6
1943_8,14,1943_8,11,3,0.2727272727272727
1943_9,18,1943_9,18,0,0.0
1944_1,26,1944_1,16,10,0.625
1944_10,22,1944_10,16,6,0.375
1944_11,23,1944_11,12,11,0.9166666666666666
1944_12,23,1944_12,13,10,0.7692307692307693
1944_2,13,1944_2,16,-3,-0.1875
1944_3,26,1944_3,9,17,1.8888888888888888
1944_4,10,1944_4,19,-9,-0.47368421052631576
1944_5,23,1944_5,15,8,0.5333333333333333
1944_6,14,1944_6,13,1,0.07692307692307693
1944_7,22,1944_7,11,11,1.0
1944_8,11,1944_8,12,-1,-0.08333333333333333
1944_9,21,1944_9,16,5,0.3125
1945_1,18,1945_1,15,3,0.2
1945_10,17,1945_10,15,2,0.13333333333333333
1945_11,25,1945_11,24,1,0.041666666666666664
1945_12,29,1945_12,13,16,1.2307692307692308
1945_2,18,1945_2,10,8,0.8
1945_3,20,1945_3,8,12,1.5
1945_4,21,1945_4,18,3,0.16666666666666666
1945_5,19,1945_5,13,6,0.46153846153846156
1945_6,12,1945_6,9,3,0.3333333333333333
1945_7,14,1945_7,10,4,0.4
1945_8,14,1945_8,8,6,0.75
1945_9,16,1945_9,13,3,0.23076923076923078
1946_1,27,1946_1,26,1,0.038461538461538464
1946_10,24,1946_10,15,9,0.6
1946_11,15,1946_11,20,-5,-0.25
1946_12,16,1946_12,12,4,0.3333333333333333
1946_2,15,1946_2,12,3,0.25
1946_3,15,1946_3,16,-1,-0.0625
1946_4,20,1946_4,15,5,0.3333333333333333
1946_5,20,1946_5,15,5,0.3333333333333333
1946_6,14,1946_6,11,3,0.2727272727272727
1946_7,29,1946_7,20,9,0.45
1946_8,20,1946_8,15,5,0.3333333333333333
1946_9,18,1946_9,10,8,0.8
1947_1,47,1947_1,18,29,1.6111111111111112
1947_10,29,1947_10,22,7,0.3181818181818182
1947_11,20,1947_11,20,0,0.0
1947_12,21,1947_12,18,3,0.16666666666666666
1947_2,17,1947_2,17,0,0.0
1947_3,26,1947_3,30,-4,-0.13333333333333333
1947_4,24,1947_4,15,9,0.6
1947_5,21,1947_5,17,4,0.23529411764705882
1947_6,22,1947_6,18,4,0.2222222222222222
1947_7,30,1947_7,17,13,0.7647058823529411
1947_8,18,1947_8,15,3,0.2
1947_9,24,1947_9,18,6,0.3333333333333333
1948_1,45,1948_1,24,21,0.875
1948_10,32,1948_10,29,3,0.10344827586206896
1948_11,26,1948_11,21,5,0.23809523809523808
1948_12,30,1948_12,20,10,0.5
1948_2,32,1948_2,23,9,0.391304347826087
1948_3,33,1948_3,25,8,0.32
1948_4,36,1948_4,21,15,0.7142857142857143
1948_5,25,1948_5,20,5,0.25
1948_6,29,1948_6,20,9,0.45
1948_7,40,1948_7,19,21,1.105263157894737
1948_8,18,1948_8,11,7,0.6363636363636364
1948_9,37,1948_9,24,13,0.5416666666666666
1949_1,44,1949_1,29,15,0.5172413793103449
1949_10,32,1949_10,36,-4,-0.1111111111111111
1949_11,41,1949_11,27,14,0.5185185185185185
1949_12,39,1949_12,32,7,0.21875
1949_2,26,1949_2,14,12,0.8571428571428571
1949_3,33,1949_3,28,5,0.17857142857142858
1949_4,32,1949_4,29,3,0.10344827586206896
1949_5,35,1949_5,22,13,0.5909090909090909
1949_6,28,1949_6,27,1,0.037037037037037035
1949_7,29,1949_7,23,6,0.2608695652173913
1949_8,32,1949_8,18,14,0.7777777777777778
1949_9,43,1949_9,16,27,1.6875
1950_1,44,1950_1,35,9,0.2571428571428571
1950_10,42,1950_10,27,15,0.5555555555555556
1950_11,23,1950_11,18,5,0.2777777777777778
1950_12,38,1950_12,32,6,0.1875
1950_2,28,1950_2,21,7,0.3333333333333333
1950_3,24,1950_3,21,3,0.14285714285714285
1950_4,41,1950_4,31,10,0.3225806451612903
1950_5,47,1950_5,26,21,0.8076923076923077
1950_6,28,1950_6,21,7,0.3333333333333333
1950_7,37,1950_7,32,5,0.15625
1950_8,34,1950_8,21,13,0.6190476190476191
1950_9,34,1950_9,22,12,0.5454545454545454
1951_1,53,1951_1,38,15,0.39473684210526316
1951_10,49,1951_10,26,23,0.8846153846153846
1951_11,28,1951_11,31,-3,-0.0967741935483871
1951_12,54,1951_12,40,14,0.35
1951_2,39,1951_2,32,7,0.21875
1951_3,38,1951_3,28,10,0.35714285714285715
1951_4,38,1951_4,31,7,0.22580645161290322
1951_5,30,1951_5,30,0,0.0
1951_6,43,1951_6,35,8,0.22857142857142856
1951_7,44,1951_7,36,8,0.2222222222222222
1951_8,24,1951_8,23,1,0.043478260869565216
1951_9,37,1951_9,20,17,0.85
1952_1,86,1952_1,59,27,0.4576271186440678
1952_10,44,1952_10,40,4,0.1
1952_11,42,1952_11,29,13,0.4482758620689655
1952_12,40,1952_12,32,8,0.25
1952_2,26,1952_2,21,5,0.23809523809523808
1952_3,47,1952_3,29,18,0.6206896551724138
1952_4,39,1952_4,29,10,0.3448275862068966
1952_5,33,1952_5,26,7,0.2692307692307692
1952_6,27,1952_6,19,8,0.42105263157894735
1952_7,43,1952_7,27,16,0.5925925925925926
1952_8,28,1952_8,18,10,0.5555555555555556
1952_9,42,1952_9,29,13,0.4482758620689655
1953_1,65,1953_1,48,17,0.3541666666666667
1953_10,49,1953_10,36,13,0.3611111111111111
1953_11,28,1953_11,23,5,0.21739130434782608
1953_12,43,1953_12,32,11,0.34375
1953_2,39,1953_2,23,16,0.6956521739130435
1953_3,49,1953_3,37,12,0.32432432432432434
1953_4,36,1953_4,31,5,0.16129032258064516
1953_5,53,1953_5,34,19,0.5588235294117647
1953_6,41,1953_6,32,9,0.28125
1953_7,39,1953_7,24,15,0.625
1953_8,36,1953_8,24,12,0.5
1953_9,38,1953_9,20,18,0.9
1954_1,90,1954_1,52,38,0.7307692307692307
1954_10,53,1954_10,34,19,0.5588235294117647
1954_11,36,1954_11,31,5,0.16129032258064516
1954_12,57,1954_12,29,28,0.9655172413793104
1954_2,34,1954_2,31,3,0.0967741935483871
1954_3,48,1954_3,27,21,0.7777777777777778
1954_4,41,1954_4,34,7,0.20588235294117646
1954_5,36,1954_5,25,11,0.44
1954_6,43,1954_6,30,13,0.43333333333333335
1954_7,47,1954_7,30,17,0.5666666666666667
1954_8,40,1954_8,18,22,1.2222222222222223
1954_9,52,1954_9,43,9,0.20930232558139536
1955_1,71,1955_1,44,27,0.6136363636363636
1955_10,51,1955_10,36,15,0.4166666666666667
1955_11,57,1955_11,40,17,0.425
1955_12,61,1955_12,25,36,1.44
1955_2,63,1955_2,32,31,0.96875
1955_3,60,1955_3,39,21,0.5384615384615384
1955_4,56,1955_4,29,27,0.9310344827586207
1955_5,58,1955_5,29,29,1.0
1955_6,43,1955_6,35,8,0.22857142857142856
1955_7,52,1955_7,35,17,0.4857142857142857
1955_8,44,1955_8,15,29,1.9333333333333333
1955_9,48,1955_9,37,11,0.2972972972972973
1956_1,70,1956_1,47,23,0.48936170212765956
1956_10,58,1956_10,45,13,0.28888888888888886
1956_11,47,1956_11,34,13,0.38235294117647056
1956_12,68,1956_12,51,17,0.3333333333333333
1956_2,43,1956_2,32,11,0.34375
1956_3,53,1956_3,43,10,0.23255813953488372
1956_4,45,1956_4,40,5,0.125
1956_5,46,1956_5,33,13,0.3939393939393939
1956_6,43,1956_6,36,7,0.19444444444444445
1956_7,53,1956_7,43,10,0.23255813953488372
1956_8,30,1956_8,17,13,0.7647058823529411
1956_9,55,1956_9,36,19,0.5277777777777778
1957_1,101,1957_1,64,37,0.578125
1957_10,45,1957_10,44,1,0.022727272727272728
1957_11,51,1957_11,41,10,0.24390243902439024
1957_12,63,1957_12,29,34,1.1724137931034482
1957_2,41,1957_2,29,12,0.41379310344827586
1957_3,53,1957_3,48,5,0.10416666666666667
1957_4,53,1957_4,47,6,0.1276595744680851
1957_5,50,1957_5,31,19,0.6129032258064516
1957_6,70,1957_6,45,25,0.5555555555555556
1957_7,56,1957_7,33,23,0.696969696969697
1957_8,44,1957_8,33,11,0.3333333333333333
1957_9,45,1957_9,36,9,0.25
1958_1,99,1958_1,60,39,0.65
1958_10,66,1958_10,51,15,0.29411764705882354
1958_11,54,1958_11,28,26,0.9285714285714286
1958_12,80,1958_12,60,20,0.3333333333333333
1958_2,61,1958_2,35,26,0.7428571428571429
1958_3,74,1958_3,38,36,0.9473684210526315
1958_4,64,1958_4,43,21,0.4883720930232558
1958_5,48,1958_5,41,7,0.17073170731707318
1958_6,61,1958_6,35,26,0.7428571428571429
1958_7,78,1958_7,46,32,0.6956521739130435
1958_8,53,1958_8,27,26,0.9629629629629629
1958_9,74,1958_9,32,42,1.3125
1959_1,97,1959_1,78,19,0.24358974358974358
1959_10,58,1959_10,42,16,0.38095238095238093
1959_11,59,1959_11,36,23,0.6388888888888888
1959_12,84,1959_12,46,38,0.8260869565217391
1959_2,51,1959_2,31,20,0.6451612903225806
1959_3,68,1959_3,33,35,1.0606060606060606
1959_4,58,1959_4,46,12,0.2608695652173913
1959_5,66,1959_5,21,45,2.142857142857143
1959_6,58,1959_6,37,21,0.5675675675675675
1959_7,68,1959_7,51,17,0.3333333333333333
1959_8,50,1959_8,29,21,0.7241379310344828
1959_9,62,1959_9,64,-2,-0.03125
1960_1,134,1960_1,72,62,0.8611111111111112
1960_10,67,1960_10,53,14,0.2641509433962264
1960_11,61,1960_11,42,19,0.4523809523809524
1960_12,61,1960_12,53,8,0.1509433962264151
1960_2,54,1960_2,26,28,1.0769230769230769
1960_3,78,1960_3,52,26,0.5
1960_4,64,1960_4,32,32,1.0
1960_5,60,1960_5,41,19,0.4634146341463415
1960_6,70,1960_6,47,23,0.48936170212765956
1960_7,70,1960_7,39,31,0.7948717948717948
1960_8,63,1960_8,43,20,0.46511627906976744
1960_9,85,1960_9,45,40,0.8888888888888888
1961_1,115,1961_1,75,40,0.5333333333333333
1961_10,80,1961_10,50,30,0.6
1961_11,73,1961_11,41,32,0.7804878048780488
1961_12,89,1961_12,59,30,0.5084745762711864
1961_2,75,1961_2,46,29,0.6304347826086957
1961_3,69,1961_3,47,22,0.46808510638297873
1961_4,78,1961_4,45,33,0.7333333333333333
1961_5,72,1961_5,41,31,0.7560975609756098
1961_6,69,1961_6,48,21,0.4375
1961_7,111,1961_7,42,69,1.6428571428571428
1961_8,52,1961_8,43,9,0.20930232558139536
1961_9,108,1961_9,53,55,1.0377358490566038
1962_1,132,1962_1,78,54,0.6923076923076923
1962_10,74,1962_10,68,6,0.08823529411764706
1962_11,81,1962_11,47,34,0.723404255319149
1962_12,90,1962_12,78,12,0.15384615384615385
1962_2,76,1962_2,47,29,0.6170212765957447
1962_3,98,1962_3,60,38,0.6333333333333333
1962_4,91,1962_4,49,42,0.8571428571428571
1962_5,68,1962_5,63,5,0.07936507936507936
1962_6,94,1962_6,54,40,0.7407407407407407
1962_7,94,1962_7,60,34,0.5666666666666667
1962_8,69,1962_8,30,39,1.3
1962_9,109,1962_9,62,47,0.7580645161290323
1963_1,185,1963_1,118,67,0.5677966101694916
1963_10,95,1963_10,77,18,0.23376623376623376
1963_11,79,1963_11,57,22,0.38596491228070173
1963_12,95,1963_12,74,21,0.28378378378378377
1963_2,72,1963_2,46,26,0.5652173913043478
1963_3,85,1963_3,53,32,0.6037735849056604
1963_4,88,1963_4,56,32,0.5714285714285714
1963_5,77,1963_5,65,12,0.18461538461538463
1963_6,70,1963_6,47,23,0.48936170212765956
1963_7,103,1963_7,83,20,0.24096385542168675
1963_8,84,1963_8,40,44,1.1
1963_9,96,1963_9,66,30,0.45454545454545453
1964_1,190,1964_1,113,77,0.6814159292035398
1964_10,95,1964_10,61,34,0.5573770491803278
1964_11,108,1964_11,65,43,0.6615384615384615
1964_12,136,1964_12,92,44,0.4782608695652174
1964_2,89,1964_2,60,29,0.48333333333333334
1964_3,127,1964_3,66,61,0.9242424242424242
1964_4,111,1964_4,55,56,1.018181818181818
1964_5,114,1964_5,73,41,0.5616438356164384
1964_6,100,1964_6,64,36,0.5625
1964_7,134,1964_7,95,39,0.4105263157894737
1964_8,93,1964_8,63,30,0.47619047619047616
1964_9,108,1964_9,74,34,0.4594594594594595
1965_1,203,1965_1,128,75,0.5859375
1965_10,95,1965_10,77,18,0.23376623376623376
1965_11,135,1965_11,95,40,0.42105263157894735
1965_12,110,1965_12,79,31,0.3924050632911392
1965_2,125,1965_2,53,72,1.3584905660377358
1965_3,137,1965_3,91,46,0.5054945054945055
1965_4,122,1965_4,62,60,0.967741935483871
1965_5,99,1965_5,69,30,0.43478260869565216
1965_6,104,1965_6,61,43,0.7049180327868853
1965_7,143,1965_7,94,49,0.5212765957446809
1965_8,92,1965_8,62,30,0.4838709677419355
1965_9,111,1965_9,88,23,0.26136363636363635
1966_1,214,1966_1,123,91,0.7398373983739838
1966_10,131,1966_10,103,28,0.27184466019417475
1966_11,124,1966_11,89,35,0.39325842696629215
1966_12,141,1966_12,101,40,0.39603960396039606
1966_2,107,1966_2,67,40,0.5970149253731343
1966_3,139,1966_3,111,28,0.25225225225225223
1966_4,129,1966_4,90,39,0.43333333333333335
1966_5,106,1966_5,77,29,0.37662337662337664
1966_6,132,1966_6,94,38,0.40425531914893614
1966_7,144,1966_7,106,38,0.3584905660377358
1966_8,114,1966_8,66,48,0.7272727272727273
1966_9,140,1966_9,112,28,0.25
1967_1,235,1967_1,136,99,0.7279411764705882
1967_10,141,1967_10,111,30,0.2702702702702703
1967_11,133,1967_11,86,47,0.5465116279069767
1967_12,169,1967_12,97,72,0.7422680412371134
1967_2,112,1967_2,82,30,0.36585365853658536
1967_3,165,1967_3,120,45,0.375
1967_4,139,1967_4,103,36,0.34951456310679613
1967_5,128,1967_5,92,36,0.391304347826087
1967_6,132,1967_6,88,44,0.5
1967_7,144,1967_7,99,45,0.45454545454545453
1967_8,117,1967_8,64,53,0.828125
1967_9,156,1967_9,106,50,0.4716981132075472
1968_1,275,1968_1,210,65,0.30952380952380953
1968_10,147,1968_10,101,46,0.45544554455445546
1968_11,152,1968_11,102,50,0.49019607843137253
1968_12,164,1968_12,119,45,0.37815126050420167
1968_2,118,1968_2,82,36,0.43902439024390244
1968_3,209,1968_3,125,84,0.672
1968_4,165,1968_4,110,55,0.5
1968_5,146,1968_5,94,52,0.5531914893617021
1968_6,185,1968_6,105,80,0.7619047619047619
1968_7,154,1968_7,104,50,0.4807692307692308
1968_8,131,1968_8,89,42,0.47191011235955055
1968_9,171,1968_9,124,47,0.3790322580645161
1969_1,286,1969_1,188,98,0.5212765957446809
1969_10,180,1969_10,130,50,0.38461538461538464
1969_11,180,1969_11,131,49,0.37404580152671757
1969_12,262,1969_12,210,52,0.24761904761904763
1969_2,144,1969_2,103,41,0.39805825242718446
1969_3,186,1969_3,127,59,0.4645669291338583
1969_4,168,1969_4,128,40,0.3125
1969_5,164,1969_5,117,47,0.4017094017094017
1969_6,176,1969_6,101,75,0.7425742574257426
1969_7,169,1969_7,106,63,0.5943396226415094
1969_8,107,1969_8,81,26,0.32098765432098764
1969_9,185,1969_9,128,57,0.4453125
1970_1,389,1970_1,326,63,0.19325153374233128
1970_10,222,1970_10,162,60,0.37037037037037035
1970_11,240,1970_11,154,86,0.5584415584415584
1970_12,245,1970_12,174,71,0.40804597701149425
1970_2,177,1970_2,136,41,0.3014705882352941
1970_3,220,1970_3,156,64,0.41025641025641024
1970_4,190,1970_4,131,59,0.45038167938931295
1970_5,192,1970_5,131,61,0.46564885496183206
1970_6,200,1970_6,166,34,0.20481927710843373
1970_7,228,1970_7,182,46,0.25274725274725274
1970_8,185,1970_8,124,61,0.49193548387096775
1970_9,266,1970_9,188,78,0.4148936170212766
1971_1,386,1971_1,247,139,0.562753036437247
1971_10,209,1971_10,149,60,0.40268456375838924
1971_11,236,1971_11,156,80,0.5128205128205128
1971_12,325,1971_12,214,111,0.5186915887850467
1971_2,186,1971_2,154,32,0.2077922077922078
1971_3,247,1971_3,155,92,0.5935483870967742
1971_4,223,1971_4,162,61,0.3765432098765432
1971_5,209,1971_5,138,71,0.5144927536231884
1971_6,295,1971_6,173,122,0.7052023121387283
1971_7,246,1971_7,179,67,0.3743016759776536
1971_8,238,1971_8,162,76,0.4691358024691358
1971_9,256,1971_9,183,73,0.3989071038251366
1972_1,431,1972_1,276,155,0.5615942028985508
1972_10,302,1972_10,204,98,0.4803921568627451
1972_11,311,1972_11,177,134,0.7570621468926554
1972_12,277,1972_12,216,61,0.2824074074074074
1972_2,268,1972_2,184,84,0.45652173913043476
1972_3,266,1972_3,177,89,0.5028248587570622
1972_4,231,1972_4,183,48,0.26229508196721313
1972_5,268,1972_5,168,100,0.5952380952380952
1972_6,276,1972_6,213,63,0.29577464788732394
1972_7,301,1972_7,226,75,0.33185840707964603
1972_8,224,1972_8,148,76,0.5135135135135135
1972_9,308,1972_9,230,78,0.3391304347826087
1973_1,518,1973_1,356,162,0.4550561797752809
1973_10,345,1973_10,241,104,0.4315352697095436
1973_11,295,1973_11,203,92,0.45320197044334976
1973_12,375,1973_12,273,102,0.37362637362637363
1973_2,273,1973_2,195,78,0.4
1973_3,327,1973_3,257,70,0.2723735408560311
1973_4,286,1973_4,211,75,0.35545023696682465
1973_5,310,1973_5,229,81,0.3537117903930131
1973_6,340,1973_6,239,101,0.4225941422594142
1973_7,373,1973_7,269,104,0.38661710037174724
1973_8,285,1973_8,186,99,0.532258064516129
1973_9,357,1973_9,251,106,0.42231075697211157
1974_1,529,1974_1,377,152,0.40318302387267907
1974_10,332,1974_10,262,70,0.26717557251908397
1974_11,314,1974_11,275,39,0.14181818181818182
1974_12,400,1974_12,308,92,0.2987012987012987
1974_2,286,1974_2,241,45,0.18672199170124482
1974_3,379,1974_3,279,100,0.35842293906810035
1974_4,467,1974_4,309,158,0.511326860841424
1974_5,336,1974_5,215,121,0.5627906976744186
1974_6,384,1974_6,272,112,0.4117647058823529
1974_7,361,1974_7,258,103,0.3992248062015504
1974_8,317,1974_8,233,84,0.3605150214592275
1974_9,348,1974_9,288,60,0.20833333333333334
1975_1,561,1975_1,424,137,0.3231132075471698
1975_10,354,1975_10,275,79,0.2872727272727273
1975_11,386,1975_11,264,122,0.4621212121212121
1975_12,458,1975_12,358,100,0.27932960893854747
1975_2,327,1975_2,261,66,0.25287356321839083
1975_3,434,1975_3,293,141,0.4812286689419795
1975_4,409,1975_4,327,82,0.25076452599388377
1975_5,330,1975_5,254,76,0.2992125984251969
1975_6,447,1975_6,320,127,0.396875
1975_7,368,1975_7,289,79,0.27335640138408307
1975_8,331,1975_8,246,85,0.34552845528455284
1975_9,423,1975_9,286,137,0.479020979020979
1976_1,768,1976_1,542,226,0.41697416974169743
1976_10,399,1976_10,289,110,0.3806228373702422
1976_11,362,1976_11,269,93,0.34572490706319703
1976_12,443,1976_12,353,90,0.254957507082153
1976_2,324,1976_2,269,55,0.20446096654275092
1976_3,445,1976_3,315,130,0.4126984126984127
1976_4,374,1976_4,325,49,0.15076923076923077
1976_5,419,1976_5,307,112,0.36482084690553745
1976_6,446,1976_6,307,139,0.4527687296416938
1976_7,448,1976_7,364,84,0.23076923076923078
1976_8,312,1976_8,230,82,0.3565217391304348
1976_9,466,1976_9,348,118,0.3390804597701149
1977_1,847,1977_1,609,238,0.39080459770114945
1977_10,432,1977_10,364,68,0.18681318681318682
1977_11,373,1977_11,326,47,0.1441717791411043
1977_12,543,1977_12,462,81,0.17532467532467533
1977_2,403,1977_2,274,129,0.4708029197080292
1977_3,512,1977_3,341,171,0.501466275659824
1977_4,601,1977_4,502,99,0.19721115537848605
1977_5,397,1977_5,293,104,0.35494880546075086
1977_6,485,1977_6,369,116,0.3143631436314363
1977_7,404,1977_7,315,89,0.28253968253968254
1977_8,392,1977_8,240,152,0.6333333333333333
1977_9,495,1977_9,376,119,0.31648936170212766
1978_1,1013,1978_1,725,288,0.3972413793103448
1978_10,517,1978_10,369,148,0.4010840108401084
1978_11,458,1978_11,374,84,0.22459893048128343
1978_12,587,1978_12,453,134,0.2958057395143488
1978_2,436,1978_2,309,127,0.4110032362459547
1978_3,488,1978_3,377,111,0.29442970822281167
1978_4,598,1978_4,470,128,0.2723404255319149
1978_5,429,1978_5,345,84,0.24347826086956523
1978_6,502,1978_6,375,127,0.33866666666666667
1978_7,475,1978_7,351,124,0.35327635327635326
1978_8,421,1978_8,318,103,0.3238993710691824
1978_9,559,1978_9,456,103,0.22587719298245615
1979_1,1155,1979_1,902,253,0.2804878048780488
1979_10,555,1979_10,423,132,0.3120567375886525
1979_11,509,1979_11,386,123,0.31865284974093266
1979_12,666,1979_12,485,181,0.3731958762886598
1979_2,474,1979_2,365,109,0.29863013698630136
1979_3,590,1979_3,457,133,0.2910284463894967
1979_4,490,1979_4,392,98,0.25
1979_5,436,1979_5,352,84,0.23863636363636365
1979_6,549,1979_6,431,118,0.2737819025522042
1979_7,533,1979_7,440,93,0.21136363636363636
1979_8,427,1979_8,351,76,0.21652421652421652
1979_9,584,1979_9,460,124,0.26956521739130435
1980_1,1319,1980_1,1073,246,0.22926374650512582
1980_10,649,1980_10,491,158,0.32179226069246436
1980_11,543,1980_11,407,136,0.33415233415233414
1980_12,776,1980_12,573,203,0.3542757417102967
1980_2,562,1980_2,433,129,0.2979214780600462
1980_3,681,1980_3,530,151,0.2849056603773585
1980_4,608,1980_4,453,155,0.34216335540838855
1980_5,564,1980_5,420,144,0.34285714285714286
1980_6,645,1980_6,523,122,0.2332695984703633
1980_7,669,1980_7,516,153,0.29651162790697677
1980_8,541,1980_8,441,100,0.22675736961451248
1980_9,694,1980_9,598,96,0.1605351170568562
1981_1,1535,1981_1,1159,376,0.3244176013805004
1981_10,682,1981_10,528,154,0.2916666666666667
1981_11,663,1981_11,530,133,0.2509433962264151
1981_12,803,1981_12,635,168,0.26456692913385826
1981_2,601,1981_2,474,127,0.2679324894514768
1981_3,788,1981_3,641,147,0.22932917316692666
1981_4,974,1981_4,759,215,0.28326745718050067
1981_5,655,1981_5,545,110,0.2018348623853211
1981_6,736,1981_6,631,105,0.1664025356576862
1981_7,683,1981_7,542,141,0.26014760147601473
1981_8,584,1981_8,473,111,0.2346723044397463
1981_9,791,1981_9,636,155,0.24371069182389937
1982_1,1640,1982_1,1292,348,0.2693498452012384
1982_10,770,1982_10,630,140,0.2222222222222222
1982_11,739,1982_11,598,141,0.23578595317725753
1982_12,961,1982_12,761,200,0.2628120893561104
1982_2,658,1982_2,501,157,0.313373253493014
1982_3,832,1982_3,673,159,0.2362555720653789
1982_4,772,1982_4,620,152,0.24516129032258063
1982_5,665,1982_5,538,127,0.23605947955390336
1982_6,752,1982_6,648,104,0.16049382716049382
1982_7,753,1982_7,649,104,0.16024653312788906
1982_8,619,1982_8,494,125,0.25303643724696356
1982_9,823,1982_9,695,128,0.1841726618705036
1983_1,1893,1983_1,1506,387,0.25697211155378485
1983_10,774,1983_10,663,111,0.167420814479638
1983_11,777,1983_11,638,139,0.21786833855799373
1983_12,948,1983_12,783,165,0.210727969348659
1983_2,736,1983_2,614,122,0.1986970684039088
1983_3,857,1983_3,721,136,0.18862690707350901
1983_4,774,1983_4,632,142,0.22468354430379747
1983_5,807,1983_5,649,158,0.24345146379044685
1983_6,842,1983_6,721,121,0.1678224687933426
1983_7,921,1983_7,726,195,0.26859504132231404
1983_8,731,1983_8,581,150,0.25817555938037867
1983_9,887,1983_9,738,149,0.2018970189701897
1984_1,2097,1984_1,1725,372,0.21565217391304348
1984_10,948,1984_10,819,129,0.1575091575091575
1984_11,860,1984_11,755,105,0.1390728476821192
1984_12,1114,1984_12,857,257,0.2998833138856476
1984_2,782,1984_2,670,112,0.16716417910447762
1984_3,1031,1984_3,816,215,0.26348039215686275
1984_4,1233,1984_4,984,249,0.2530487804878049
1984_5,886,1984_5,746,140,0.1876675603217158
1984_6,980,1984_6,853,127,0.1488862837045721
1984_7,937,1984_7,760,177,0.23289473684210527
1984_8,855,1984_8,702,153,0.21794871794871795
1984_9,974,1984_9,829,145,0.17490952955367914
1985_1,2433,1985_1,2077,356,0.17140105922002888
1985_10,1059,1985_10,826,233,0.2820823244552058
1985_11,985,1985_11,832,153,0.18389423076923078
1985_12,1167,1985_12,999,168,0.16816816816816818
1985_2,869,1985_2,689,180,0.2612481857764877
1985_3,1031,1985_3,900,131,0.14555555555555555
1985_4,1234,1985_4,1067,167,0.15651358950328023
1985_5,912,1985_5,819,93,0.11355311355311355
1985_6,1081,1985_6,913,168,0.18400876232201532
1985_7,1063,1985_7,890,173,0.1943820224719101
1985_8,831,1985_8,727,104,0.14305364511691884
1985_9,1173,1985_9,1003,170,0.1694915254237288
1986_1,2736,1986_1,2179,557,0.25562184488297385
1986_10,1070,1986_10,970,100,0.10309278350515463
1986_11,1089,1986_11,976,113,0.11577868852459017
1986_12,1318,1986_12,1129,189,0.16740478299379982
1986_2,948,1986_2,834,114,0.1366906474820144
1986_3,1179,1986_3,983,196,0.19938962360122076
1986_4,1128,1986_4,974,154,0.15811088295687886
1986_5,1006,1986_5,945,61,0.06455026455026455
1986_6,1124,1986_6,1040,84,0.08076923076923077
1986_7,1119,1986_7,968,151,0.1559917355371901
1986_8,932,1986_8,820,112,0.13658536585365855
1986_9,1166,1986_9,1000,166,0.166
1987_1,2850,1987_1,2502,348,0.13908872901678657
1987_10,1180,1987_10,1041,139,0.1335254562920269
1987_11,1236,1987_11,1067,169,0.1583880037488285
1987_12,1407,1987_12,1157,250,0.21607605877268798
1987_2,1087,1987_2,897,190,0.21181716833890746
1987_3,1279,1987_3,1096,183,0.16697080291970803
1987_4,1417,1987_4,1161,256,0.22049956933677864
1987_5,1116,1987_5,1040,76,0.07307692307692308
1987_6,1364,1987_6,1103,261,0.23662737987307345
1987_7,1284,1987_7,1015,269,0.2650246305418719
1987_8,1053,1987_8,908,145,0.15969162995594713
1987_9,1398,1987_9,1269,129,0.1016548463356974
1988_1,3281,1988_1,2842,439,0.15446868402533429
1988_10,1291,1988_10,1143,148,0.1294838145231846
1988_11,1375,1988_11,1197,178,0.14870509607351712
1988_12,1579,1988_12,1358,221,0.16273932253313697
1988_2,1170,1988_2,1026,144,0.14035087719298245
1988_3,1420,1988_3,1241,179,0.1442385173247381
1988_4,1197,1988_4,1092,105,0.09615384615384616
1988_5,1287,1988_5,1085,202,0.18617511520737326
1988_6,1365,1988_6,1159,206,0.17773943054357205
1988_7,1389,1988_7,1230,159,0.12926829268292683
1988_8,1176,1988_8,1047,129,0.12320916905444126
1988_9,1476,1988_9,1331,145,0.10894064613072878
1989_1,3689,1989_1,3147,542,0.17222751827136956
1989_10,1404,1989_10,1238,166,0.13408723747980614
1989_11,1510,1989_11,1342,168,0.12518628912071536
1989_12,1713,1989_12,1507,206,0.1366954213669542
1989_2,1309,1989_2,1148,161,0.1402439024390244
1989_3,1586,1989_3,1437,149,0.10368823938761308
1989_4,1426,1989_4,1236,190,0.15372168284789645
1989_5,1509,1989_5,1292,217,0.16795665634674922
1989_6,1578,1989_6,1385,193,0.13935018050541517
1989_7,1611,1989_7,1381,230,0.166545981173063
1989_8,1341,1989_8,1191,150,0.12594458438287154
1989_9,1638,1989_9,1490,148,0.09932885906040269
1990_1,4080,1990_1,3592,488,0.1358574610244989
1990_10,1691,1990_10,1470,221,0.15034013605442176
1990_11,1577,1990_11,1395,182,0.13046594982078852
1990_12,1763,1990_12,1568,195,0.12436224489795919
1990_2,1537,1990_2,1309,228,0.17417876241405653
1990_3,1714,1990_3,1530,184,0.12026143790849673
1990_4,1561,1990_4,1403,158,0.11261582323592302
1990_5,1614,1990_5,1467,147,0.10020449897750511
1990_6,1679,1990_6,1494,185,0.12382864792503347
1990_7,1719,1990_7,1531,188,0.12279555845852384
1990_8,1506,1990_8,1315,191,0.1452471482889734
1990_9,1852,1990_9,1720,132,0.07674418604651163
1991_1,4330,1991_1,3836,494,0.12877997914494266
1991_10,1880,1991_10,1612,268,0.1662531017369727
1991_11,1711,1991_11,1528,183,0.11976439790575916
1991_12,2061,1991_12,1839,222,0.12071778140293637
1991_2,1892,1991_2,1624,268,0.16502463054187191
1991_3,1859,1991_3,1669,190,0.11384062312762133
1991_4,1755,1991_4,1584,171,0.10795454545454546
1991_5,1665,1991_5,1512,153,0.10119047619047619
1991_6,1887,1991_6,1681,206,0.12254610350981558
1991_7,1885,1991_7,1686,199,0.11803084223013048
1991_8,1650,1991_8,1468,182,0.12397820163487738
1991_9,1970,1991_9,1798,172,0.09566184649610679
1992_1,4183,1992_1,3731,452,0.12114714553738944
1992_10,2208,1992_10,1958,250,0.12768130745658834
1992_11,2082,1992_11,1945,137,0.07043701799485862
1992_12,2191,1992_12,1946,245,0.12589928057553956
1992_2,1823,1992_2,1631,192,0.11771919068056406
1992_3,2152,1992_3,1890,262,0.13862433862433862
1992_4,2028,1992_4,1897,131,0.06905640484976279
1992_5,1952,1992_5,1727,225,0.13028372900984367
1992_6,2015,1992_6,1881,134,0.07123870281765018
1992_7,2186,1992_7,2008,178,0.08864541832669323
1992_8,1740,1992_8,1552,188,0.1211340206185567
1992_9,2415,1992_9,2113,302,0.1429247515380975
1993_1,4261,1993_1,3842,419,0.1090577824049974
1993_10,2296,1993_10,2114,182,0.08609271523178808
1993_11,2235,1993_11,2011,224,0.1113873694679264
1993_12,2421,1993_12,2213,208,0.09399005874378671
1993_2,1905,1993_2,1709,196,0.1146869514335869
1993_3,2316,1993_3,2243,73,0.032545697726259475
1993_4,2213,1993_4,2010,203,0.1009950248756219
1993_5,2170,1993_5,2014,156,0.07745779543197617
1993_6,2265,1993_6,1990,275,0.13819095477386933
1993_7,2344,1993_7,2142,202,0.09430438842203548
1993_8,2028,1993_8,1881,147,0.07814992025518341
1993_9,2395,1993_9,2284,111,0.04859894921190893
1994_1,4852,1994_1,4492,360,0.08014247551202137
1994_10,2414,1994_10,2219,195,0.0878774222622803
1994_11,2320,1994_11,2085,235,0.11270983213429256
1994_12,2578,1994_12,2463,115,0.046691027202598455
1994_2,2048,1994_2,1898,150,0.07903055848261328
1994_3,2638,1994_3,2381,257,0.10793784124317514
1994_4,2259,1994_4,2066,193,0.09341723136495644
1994_5,2350,1994_5,2156,194,0.08998144712430427
1994_6,2597,1994_6,2335,262,0.11220556745182013
1994_7,2549,1994_7,2456,93,0.037866449511400654
1994_8,2153,1994_8,2003,150,0.07488766849725412
1994_9,2689,1994_9,2421,268,0.11069805865344899
1995_1,4756,1995_1,4511,245,0.054311682553757484
1995_10,2732,1995_10,2544,188,0.07389937106918239
1995_11,2526,1995_11,2425,101,0.04164948453608248
1995_12,3018,1995_12,2811,207,0.0736392742796158
1995_2,2683,1995_2,2421,262,0.10821974390747625
1995_3,2962,1995_3,2694,268,0.09948032665181886
1995_4,2548,1995_4,2429,119,0.04899135446685879
1995_5,2723,1995_5,2600,123,0.04730769230769231
1995_6,2749,1995_6,2639,110,0.041682455475558926
1995_7,2677,1995_7,2382,295,0.12384550797649034
1995_8,2440,1995_8,2301,139,0.06040851803563668
1995_9,3045,1995_9,2842,203,0.07142857142857142
1996_1,7063,1996_1,6613,450,0.06804778466656586
1996_10,3069,1996_10,2944,125,0.042459239130434784
1996_11,2903,1996_11,2802,101,0.036045681655960025
1996_12,3310,1996_12,2984,326,0.10924932975871314
1996_2,2890,1996_2,2710,180,0.06642066420664207
1996_3,3231,1996_3,2996,235,0.07843791722296395
1996_4,3690,1996_4,3569,121,0.03390305407677221
1996_5,2954,1996_5,2760,194,0.07028985507246377
1996_6,3117,1996_6,2943,174,0.059123343527013254
1996_7,3001,1996_7,2773,228,0.08222142084385142
1996_8,2719,1996_8,2558,161,0.06293979671618452
1996_9,3321,1996_9,3108,213,0.06853281853281853
1997_1,5747,1997_1,5438,309,0.056822361162191984
1997_10,3503,1997_10,3341,162,0.04848847650404071
1997_11,3238,1997_11,3165,73,0.02306477093206951
1997_12,3905,1997_12,3746,159,0.042445274959957285
1997_2,2957,1997_2,2796,161,0.057582260371959945
1997_3,3567,1997_3,3376,191,0.05657582938388626
1997_4,3777,1997_4,3467,310,0.08941447937698298
1997_5,3510,1997_5,3288,222,0.06751824817518248
1997_6,3430,1997_6,3296,134,0.040655339805825245
1997_7,3451,1997_7,3371,80,0.02373183031741323
1997_8,3114,1997_8,2926,188,0.06425153793574846
1997_9,3888,1997_9,3699,189,0.051094890510948905
1998_1,6123,1998_1,5740,383,0.06672473867595818
1998_10,3999,1998_10,3761,238,0.06328104227599043
1998_11,3909,1998_11,3800,109,0.028684210526315788
1998_12,4323,1998_12,4020,303,0.07537313432835821
1998_2,3245,1998_2,3070,175,0.057003257328990226
1998_3,4190,1998_3,4025,165,0.040993788819875775
1998_4,4447,1998_4,4318,129,0.02987494210282538
1998_5,3908,1998_5,3770,138,0.03660477453580902
1998_6,4114,1998_6,3938,176,0.0446927374301676
1998_7,3880,1998_7,3761,119,0.03164052113799522
1998_8,3521,1998_8,3283,238,0.07249466950959488
1998_9,4438,1998_9,4121,317,0.07692307692307693
1999_1,6559,1999_1,6143,416,0.06771935536382875
1999_10,4235,1999_10,4065,170,0.041820418204182044
1999_11,4245,1999_11,4010,235,0.05860349127182045
1999_12,4729,1999_12,4531,198,0.04369896270139042
1999_2,3641,1999_2,3427,214,0.06244528742340239
1999_3,4574,1999_3,4342,232,0.053431598341777985
1999_4,4904,1999_4,4746,158,0.033291192583227984
1999_5,4037,1999_5,3845,192,0.04993498049414825
1999_6,4464,1999_6,4243,221,0.05208578835729437
1999_7,4320,1999_7,4036,284,0.07036669970267592
1999_8,3743,1999_8,3706,37,0.009983810037776578
1999_9,4615,1999_9,4410,205,0.046485260770975055
2000_1,6798,2000_1,6533,265,0.040563294045614574
2000_10,4278,2000_10,4199,79,0.018814003334127173
2000_11,4325,2000_11,4207,118,0.028048490610886618
2000_12,5086,2000_12,4954,132,0.026645135244247074
2000_2,3967,2000_2,4040,-73,-0.018069306930693068
2000_3,4927,2000_3,4759,168,0.03530153393570078
2000_4,5955,2000_4,5655,300,0.05305039787798409
2000_5,4764,2000_5,4691,73,0.015561713920272863
2000_6,4793,2000_6,4624,169,0.03654844290657439
2000_7,4376,2000_7,4272,104,0.024344569288389514
2000_8,4027,2000_8,3981,46,0.011554885707108766
2000_9,5200,2000_9,5094,106,0.020808794660384766
2001_1,7654,2001_1,7306,348,0.04763208321927183
2001_10,4641,2001_10,4521,120,0.026542800265428004
2001_11,4655,2001_11,4636,19,0.004098360655737705
2001_12,5806,2001_12,5769,37,0.006413589876928411
2001_2,4182,2001_2,4122,60,0.01455604075691412
2001_3,5412,2001_3,5061,351,0.06935388263189093
2001_4,5514,2001_4,5263,251,0.047691430742922286
2001_5,4717,2001_5,4529,188,0.041510267167145065
2001_6,5541,2001_6,5243,298,0.056837688346366586
2001_7,4505,2001_7,4357,148,0.033968326830387884
2001_8,4517,2001_8,4321,196,0.04535987040037028
2001_9,4881,2001_9,4625,256,0.05535135135135135
2002_1,9449,2002_1,9193,256,0.027847275100620038
2002_10,5456,2002_10,5393,63,0.011681809753384016
2002_11,5745,2002_11,5515,230,0.04170444242973708
2002_12,5939,2002_12,5782,157,0.027153234175025943
2002_2,4787,2002_2,4695,92,0.01959531416400426
2002_3,6013,2002_3,5925,88,0.014852320675105486
2002_4,5442,2002_4,5479,-37,-0.006753057127212995
2002_5,5056,2002_5,4892,164,0.033524121013900246
2002_6,5565,2002_6,5550,15,0.002702702702702703
2002_7,5196,2002_7,5160,36,0.0069767441860465115
2002_8,4707,2002_8,4660,47,0.010085836909871245
2002_9,6316,2002_9,5929,387,0.06527238994771463
2003_1,9630,2003_1,9422,208,0.02207599235831034
2003_10,6303,2003_10,6182,121,0.019572953736654804
2003_11,5347,2003_11,5418,-71,-0.013104466592838687
2003_12,6698,2003_12,6664,34,0.00510204081632653
2003_2,5200,2003_2,5136,64,0.012461059190031152
2003_3,6480,2003_3,6335,145,0.022888713496448304
2003_4,6816,2003_4,6653,163,0.024500225462197506
2003_5,5471,2003_5,5375,96,0.01786046511627907
2003_6,6429,2003_6,6172,257,0.04163966299416721
2003_7,5767,2003_7,5742,25,0.004353883664228492
2003_8,5583,2003_8,5571,12,0.002154011847065159
2003_9,6455,2003_9,6334,121,0.019103252289232712
2004_1,9274,2004_1,9207,67,0.007277071793200826
2004_10,7011,2004_10,6858,153,0.02230971128608924
2004_11,6369,2004_11,6135,234,0.038141809290953545
2004_12,8039,2004_12,7867,172,0.021863480361001653
2004_2,5890,2004_2,5852,38,0.006493506493506494
2004_3,7563,2004_3,7433,130,0.01748957352347639
2004_4,6724,2004_4,6488,236,0.036374845869297165
2004_5,7153,2004_5,7274,-121,-0.016634588946934287
2004_6,7289,2004_6,7200,89,0.012361111111111111
2004_7,7269,2004_7,7014,255,0.03635585970915312
2004_8,6509,2004_8,6399,110,0.017190185966557275
2004_9,7420,2004_9,7300,120,0.01643835616438356
2005_1,10216,2005_1,10237,-21,-0.002051382240890886
2005_10,7196,2005_10,7430,-234,-0.03149394347240915
2005_11,6790,2005_11,6736,54,0.008016627078384799
2005_12,8121,2005_12,8322,-201,-0.024152847873107425
2005_2,6248,2005_2,6287,-39,-0.0062032766025131225
2005_3,7969,2005_3,7904,65,0.008223684210526315
2005_4,7671,2005_4,7621,50,0.006560818790185015
2005_5,7962,2005_5,7834,128,0.016339034975746746
2005_6,8160,2005_6,8036,124,0.015430562468889995
2005_7,6965,2005_7,6979,-14,-0.0020060180541624875
2005_8,6997,2005_8,6890,107,0.015529753265602322
2005_9,8042,2005_9,7922,120,0.015147689977278465
2006_1,12599,2006_1,12637,-38,-0.003007042810793701
2006_10,8911,2006_10,8952,-41,-0.004579982126899017
2006_11,8465,2006_11,8443,22,0.0026057088712542935
2006_12,9892,2006_12,9833,59,0.006000203396725313
2006_2,7365,2006_2,7168,197,0.027483258928571428
2006_3,8648,2006_3,8762,-114,-0.013010728144259302
2006_4,8081,2006_4,8131,-50,-0.006149305128520477
2006_5,8820,2006_5,8862,-42,-0.004739336492890996
2006_6,8947,2006_6,9066,-119,-0.013125965144495919
2006_7,8831,2006_7,8674,157,0.018100069172238876
2006_8,7979,2006_8,7993,-14,-0.00175153259101714
2006_9,9326,2006_9,9540,-214,-0.022431865828092243
2007_1,14133,2007_1,14147,-14,-0.0009896091044037606
2007_10,10033,2007_10,10160,-127,-0.0125
2007_11,9077,2007_11,9128,-51,-0.005587204206836108
2007_12,10172,2007_12,10276,-104,-0.01012066952121448
2007_2,8486,2007_2,8614,-128,-0.014859530996052937
2007_3,9821,2007_3,9822,-1,-0.00010181225819588678
2007_4,9395,2007_4,9317,78,0.008371793495760439
2007_5,9657,2007_5,9714,-57,-0.00586781964175417
2007_6,10652,2007_6,10726,-74,-0.006899123624836845
2007_7,9440,2007_7,9545,-105,-0.011000523834468309
2007_8,8982,2007_8,8945,37,0.004136389044158748
2007_9,10668,2007_9,10651,17,0.0015960942634494415
2008_1,14759,2008_1,14723,36,0.0024451538409291586
2008_10,11945,2008_10,12106,-161,-0.013299190484057493
2008_11,10253,2008_11,10403,-150,-0.01441891761991733
2008_12,12966,2008_12,12824,142,0.011072988147223956
2008_2,9328,2008_2,9116,212,0.023255813953488372
2008_3,10889,2008_3,10815,74,0.006842348589921406
2008_4,12050,2008_4,12088,-38,-0.00314361350099272
2008_5,10974,2008_5,11096,-122,-0.01099495313626532
2008_6,11829,2008_6,12045,-216,-0.01793275217932752
2008_7,11514,2008_7,11507,7,0.0006083253671678109
2008_8,9581,2008_8,9688,-107,-0.011044591246903386
2008_9,11670,2008_9,11816,-146,-0.012356127285037238
2009_1,16303,2009_1,16264,39,0.002397934087555337
2009_10,12681,2009_10,12676,5,0.00039444619753865575
2009_11,12001,2009_11,12504,-503,-0.04022712731925784
2009_12,14052,2009_12,14317,-265,-0.0185094642732416
2009_2,11331,2009_2,11587,-256,-0.022093725727107966
2009_3,12361,2009_3,12412,-51,-0.00410892684498872
2009_4,13043,2009_4,12954,89,0.006870464721321599
2009_5,13332,2009_5,13515,-183,-0.013540510543840178
2009_6,12714,2009_6,12956,-242,-0.01867860450756406
2009_7,12217,2009_7,12393,-176,-0.01420156539982248
2009_8,11897,2009_8,12006,-109,-0.00907879393636515
2009_9,13185,2009_9,13626,-441,-0.03236459709379128
2010_1,16818,2010_1,16974,-156,-0.009190526687875575
2010_10,14050,2010_10,14396,-346,-0.02403445401500417
2010_11,13835,2010_11,14067,-232,-0.016492500177720908
2010_12,14655,2010_12,15209,-554,-0.03642580051285423
2010_2,11809,2010_2,11893,-84,-0.007062978222483814
2010_3,14731,2010_3,15072,-341,-0.022624734607218682
2010_4,15816,2010_4,16319,-503,-0.03082296709357191
2010_5,17906,2010_5,17361,545,0.03139220091008582
2010_6,16849,2010_6,16695,154,0.009224318658280923
2010_7,13249,2010_7,13366,-117,-0.008753553793206643
2010_8,13177,2010_8,13262,-85,-0.006409289699894435
2010_9,14987,2010_9,15261,-274,-0.017954262499180917
2011_1,19213,2011_1,18424,789,0.042824576639166306
2011_10,16129,2011_10,16748,-619,-0.0369596369715787
2011_11,14905,2011_11,15325,-420,-0.027406199021207178
2011_12,16906,2011_12,17389,-483,-0.027776180343895566
2011_2,13496,2011_2,13948,-452,-0.032406079724691714
2011_3,15171,2011_3,15507,-336,-0.021667633971754693
2011_4,16237,2011_4,16506,-269,-0.016297104083363625
2011_5,16356,2011_5,16868,-512,-0.03035333175243064
2011_6,16637,2011_6,17224,-587,-0.03408035299581979
2011_7,15091,2011_7,15558,-467,-0.030016711659596348
2011_8,13984,2011_8,14495,-511,-0.035253535701966196
2011_9,17240,2011_9,17699,-459,-0.025933668568845696
2012_1,20325,2012_1,20934,-609,-0.029091430209229007
2012_10,17984,2012_10,18352,-368,-0.02005231037489102
2012_11,16472,2012_11,17006,-534,-0.031400682112195696
2012_12,18746,2012_12,19150,-404,-0.021096605744125325
2012_2,15278,2012_2,15643,-365,-0.02333312024547721
2012_3,17395,2012_3,17815,-420,-0.023575638506876228
2012_4,17655,2012_4,18071,-416,-0.02302030878202645
2012_5,18098,2012_5,18807,-709,-0.03769872919657574
2012_6,17360,2012_6,18115,-755,-0.041678167264697766
2012_7,16479,2012_7,17298,-819,-0.04734651404786681
2012_8,15449,2012_8,15935,-486,-0.030498901788515845
2012_9,18718,2012_9,19188,-470,-0.02449447571398791
2013_1,22261,2013_1,23264,-1003,-0.04311382393397524
2013_10,21641,2013_10,22441,-800,-0.0356490352479836
2013_11,19766,2013_11,20581,-815,-0.039599630727369904
2013_12,21501,2013_12,22499,-998,-0.044357527001200055
2013_2,16078,2013_2,16836,-758,-0.04502257068187218
2013_3,18450,2013_3,19024,-574,-0.03017241379310345
2013_4,19435,2013_4,19918,-483,-0.02424942263279446
2013_5,18209,2013_5,18845,-636,-0.03374900504112497
2013_6,18942,2013_6,19693,-751,-0.03813537805311532
2013_7,18610,2013_7,19460,-850,-0.04367934224049332
2013_8,17450,2013_8,17695,-245,-0.013845719129697655
2013_9,20917,2013_9,21378,-461,-0.021564224904107025
2014_1,23805,2014_1,24915,-1110,-0.044551475015051176
2014_10,23640,2014_10,24918,-1278,-0.05128822537924392
2014_11,22034,2014_11,22723,-689,-0.030321700479690183
2014_12,22993,2014_12,24577,-1584,-0.06445050250233958
2014_2,17659,2014_2,18271,-612,-0.03349570357396968
2014_3,20842,2014_3,21803,-961,-0.04407650323349998
2014_4,21017,2014_4,21768,-751,-0.034500183755972066
2014_5,20307,2014_5,21239,-932,-0.04388153867884552
2014_6,20694,2014_6,21897,-1203,-0.05493903274421154
2014_7,20657,2014_7,21589,-932,-0.043170132938070316
2014_8,20164,2014_8,20563,-399,-0.01940378349462627
2014_9,25331,2014_9,26395,-1064,-0.04031066489865505
2015_1,25950,2015_1,26832,-882,-0.03287119856887299
2015_10,25653,2015_10,26954,-1301,-0.04826741856496253
2015_11,24001,2015_11,25366,-1365,-0.05381218954506032
2015_12,27262,2015_12,28932,-1670,-0.05772155398866307
2015_2,19410,2015_2,20423,-1013,-0.04960094011653528
2015_3,23350,2015_3,24668,-1318,-0.05342954434895411
2015_4,23979,2015_4,25211,-1232,-0.04886755781206616
2015_5,24283,2015_5,25213,-930,-0.0368857335501527
2015_6,24615,2015_6,26457,-1842,-0.06962240616849982
2015_7,23782,2015_7,25085,-1303,-0.051943392465616904
2015_8,23673,2015_8,24904,-1231,-0.0494298104722133
2015_9,27802,2015_9,29488,-1686,-0.05717580032555616
2016_1,28339,2016_1,29524,-1185,-0.04013683782685273
2016_10,28472,2016_10,29854,-1382,-0.04629195417699471
2016_11,27545,2016_11,28980,-1435,-0.049516908212560384
2016_12,29528,2016_12,31204,-1676,-0.05371106268427125
2016_2,23261,2016_2,24307,-1046,-0.04303287118936932
2016_3,26319,2016_3,27807,-1488,-0.05351170568561873
2016_4,25910,2016_4,27193,-1283,-0.04718125988305814
2016_5,26129,2016_5,27368,-1239,-0.04527185033615902
2016_6,27270,2016_6,28851,-1581,-0.05479879380264115
2016_7,26685,2016_7,28289,-1604,-0.05670048428717876
2016_8,24810,2016_8,26300,-1490,-0.05665399239543726
2016_9,30487,2016_9,32647,-2160,-0.06616228137347996
